id;naam_nl;naam_fr;naam_officieel;land;lastensoort;regeling;belastingtype;socialelastentype;vrijstellingstype;transactionele_basis;variabiliteitsklasse;effect;waarde;eenheid;geldig_jaar;geldig_van;geldig_tot;status;bron_url;bron_kenmerk;bronsoort;instantie;verificatiedatum;verificatie_door;aanpassingsfrequentie;ingevoerd;vervallen;gebruikt_in;afwijkend;kandidaat
p.fr.acre.reductie_en_duur;ACRE: reductie en duur;ACRE: taux et duree;Aide a la creation ou reprise d entreprise;FR;sociaal;fr.acre;;zelfstandigenbijdrage;;omzet;overheid_vastgesteld;verlaagt_last;;procent en maanden;2026;;;te_verifieren;;;;;;;onregelmatig;;;cafeclaude;nee;nee
p.fr.apa.bedrag_per_maand;APA-bedrag per maand;Montant de l APA par mois;Allocation personnalisee d autonomie, plafonds par GIR;FR;sociaal;fr.apa;;;;inkomen;overheid_vastgesteld;verlaagt_last;;EUR/maand;2026;;;te_verifieren;;;;;;;jaarlijks;;;ouderenzorg-fr;nee;nee
p.fr.aspa.maximum_alleenstaand;ASPA maximum voor een alleenstaande;ASPA, montant maximal pour une personne seule;Allocation de solidarite aux personnes agees;FR;sociaal;fr.aspa;;;;inkomen;overheid_vastgesteld;verlaagt_last;;EUR/maand;2026;;;te_verifieren;;;;;;;jaarlijks;;;ouderenzorg-fr;nee;nee
p.fr.assur.auto_rc_verplicht;Verplichte WA-autoverzekering;Assurance automobile obligatoire;Art. L211-1 Code des assurances;FR;verzekering_overheidsgekaderd;fr.assur;;;;polis;overheid_vastgesteld;bepaalt_toepasselijkheid;;tekst;2026;;;te_verifieren;https://www.service-public.fr/particuliers/vosdroits/F2123;art. L211-1 Code des assurances;nog niet geraadpleegd;Ministere de l economie;;;zelden;;;;nee;ja
p.fr.assur.bonus_malus_auto;Bonus-malus autoverzekering;Coefficient de reduction-majoration;Annexe a l art. A121-1 Code des assurances;FR;verzekering_overheidsgekaderd;fr.assur;;;;polis;overheid_vastgesteld;verhoogt_last;;factor en procent;2026;;;te_verifieren;;;;;;;zelden;;;cafeclaude;nee;nee
p.fr.assur.dommages_ouvrage;Assurance dommages-ouvrage;Assurance dommages-ouvrage;Art. L242-1 Code des assurances;FR;verzekering_overheidsgekaderd;fr.assur;;;;polis;overheid_vastgesteld;verhoogt_last;;procent;2026;;;te_verifieren;https://www.service-public.fr/particuliers/vosdroits/F2129;art. L242-1 Code des assurances;nog niet geraadpleegd;Ministere de l economie;;;zelden;;;;nee;ja
p.fr.assur.garantie_decennale;Garantie decennale van de aannemer;Garantie decennale;Art. 1792 Code civil;FR;verzekering_overheidsgekaderd;fr.assur;;;;polis;overheid_vastgesteld;bepaalt_toepasselijkheid;;jaren;2026;;;te_verifieren;https://www.service-public.fr/particuliers/vosdroits/F2034;art. 1792 Code civil;nog niet geraadpleegd;Ministere de la justice;;;zelden;;;;nee;ja
p.fr.assur.habitation_verplicht;Verplichte opstal- en inboedelverzekering;Assurance habitation obligatoire;Art. 7 g loi 89-462;FR;verzekering_overheidsgekaderd;fr.assur;;;;polis;overheid_vastgesteld;bepaalt_toepasselijkheid;;tekst;2026;;;te_verifieren;https://www.service-public.fr/particuliers/vosdroits/F2123;"service-public.fr, assurance habitation; art. 7 g loi 89-462";nog niet geraadpleegd;Ministere de l economie;;;zelden;;;;nee;ja
p.fr.av.abattements;Assurance vie, abattements;Assurance vie, abattements;Art. 990 I, 757 B en 125-0 A CGI;FR;fiscaal;fr.av;erf_en_schenkbelasting;;abattement;polis;overheid_vastgesteld;verlaagt_last;;EUR;2026;;;te_verifieren;;;;;;;zelden;;;cafeclaude;nee;nee
p.fr.bouw.drempels_bijgebouw;Oppervlaktedrempels voor een vrijstaand bijgebouw;Seuils de surface pour une annexe;Art. R421-2 en R421-9 Code de l urbanisme;FR;overig_transactiekosten;fr.bouw;;;drempel;oppervlakte;overheid_vastgesteld;bepaalt_toepasselijkheid;;m2;2026;;;te_verifieren;;;;;;;zelden;;;bouwvergunningwijzer-frankrijk;nee;nee
p.fr.bouw.drempels_uitbreiding;Oppervlaktedrempels voor een uitbreiding;Seuils de surface pour une extension;Art. R421-14 en R431-2 Code de l urbanisme;FR;overig_transactiekosten;fr.bouw;;;drempel;oppervlakte;overheid_vastgesteld;bepaalt_toepasselijkheid;;m2;2026;;;te_verifieren;;;;;;;zelden;;;bouwvergunningwijzer-frankrijk;nee;nee
p.fr.cfe.minimum;Cotisation fonciere des entreprises, minimumbijdrage;CFE, base minimum;;FR;fiscaal;fr.cfe;lokale_belasting;;;omzet;overheid_vastgesteld;verhoogt_last;;EUR;2026;;;te_verifieren;https://www.impots.gouv.fr;impots.gouv.fr, cotisation fonciere des entreprises;nog niet geraadpleegd;DGFiP en gemeenten;;;jaarlijks;;;;nee;ja
p.fr.csg.opslag_per_halve_part;Opslag per halve part boven drie parts;Majoration par demi-part au-dela de trois parts;;FR;sociaal;fr.csg;;csg_crds_casa;;inkomen;overheid_vastgesteld;bepaalt_toepasselijkheid;3.484 / 4.555 / 7.066 euro per halve part;EUR;2026;;;vastgesteld;https://www.service-public.fr/particuliers/vosdroits/F2971;service-public.fr, fiche F2971;secundair: samenvattende fiche van service-public.fr, de wetsartikelen niet zelf gelezen;DGFiP;2026-06-01;financieel-kompas-ai, config.json;jaarlijks;;;financieel-kompas-ai;nee;nee
p.fr.csg.rfr_grenzen_per_part;RFR-grenzen per part voor het CSG-regime;Seuils de revenu fiscal de reference par part;Seuils de RFR pour le taux de CSG applicable;FR;sociaal;fr.csg;;csg_crds_casa;drempel;inkomen;overheid_vastgesteld;bepaalt_toepasselijkheid;van 13.048 / 17.057 / 26.472 euro bij 1 part tot 26.984 / 35.277 / 54.736 euro bij 3 parts;EUR;2026;;;vastgesteld;https://www.service-public.fr/particuliers/vosdroits/F2971;service-public.fr, fiche F2971;secundair: samenvattende fiche van service-public.fr, de wetsartikelen niet zelf gelezen;DGFiP;2026-06-01;financieel-kompas-ai, config.json;jaarlijks;;;financieel-kompas-ai;nee;nee
p.fr.csg.tarief_per_regime;CSG, CRDS en CASA per regime op pensioen;CSG, CRDS et CASA par taux sur les pensions;Taux zero, taux reduit, taux median, taux normal;FR;sociaal;fr.csg;;csg_crds_casa;;inkomen;overheid_vastgesteld;verhoogt_last;0 procent, 4,3 procent, 7,4 procent of 9,1 procent, afhankelijk van het revenu fiscal de reference;fractie;2026;;;vastgesteld;https://www.service-public.fr/particuliers/vosdroits/F2971;"service-public.fr, fiche F2971, CSG et CRDS sur les revenus d activite et de remplacement; art. L136-1 en L136-8 CSS";secundair: samenvattende fiche van service-public.fr, de wetsartikelen niet zelf gelezen;Urssaf en DGFiP;2026-06-01;financieel-kompas-ai, config.json;jaarlijks;;;financieel-kompas-ai;nee;nee
p.fr.csi.tarief_en_minimum;Contribution de securite immobiliere, tarief en minimum;Contribution de securite immobiliere;Art. 879, 881 F en 881 K CGI;FR;fiscaal;fr.csi;heffing_bijzonder;;;akte;overheid_vastgesteld;verhoogt_last;0,10 procent, minimaal 15,00 euro per akte;procent en EUR;2026;;;vastgesteld;https://www.legifrance.gouv.fr/codes/article_lc/LEGIARTI000022335681;art. 879 CGI (verschuldigdheid), art. 881 K CGI (tarief), art. 881 F CGI (ondergrens);primair;Service de la publicite fonciere;2026-08-12;Vastgoedtransactie, bronnen.json;zelden;;;Vastgoedtransactie;nee;nee
p.fr.cvae.drempel;CVAE-drempel;Seuil de la CVAE;Cotisation sur la valeur ajoutee des entreprises;FR;fiscaal;fr.cvae;lokale_belasting;;drempel;omzet;overheid_vastgesteld;bepaalt_toepasselijkheid;;EUR;2026;;;te_verifieren;;;;;;;onregelmatig;;;cafeclaude;nee;nee
p.fr.diagnostics.geldigheid_diagnostic_electrique;Geldigheid van het diagnostic electrique;Duree de validite du diagnostic electrique;Art. R271-5 Code de la construction et de l habitation;FR;overig_transactiekosten;fr.diagnostics;;;;verrichting;overheid_vastgesteld;bepaalt_toepasselijkheid;"3 jaar bij verkoop, 6 jaar bij verhuur; verplicht bij een installatie ouder dan 15 jaar";jaren;2026;;;vastgesteld;https://www.service-public.fr/particuliers/vosdroits/F18692;service-public.fr, fiche F18692;secundair: samenvattende fiche van service-public.fr, het wetsartikel niet zelf gelezen;Ministere de la transition ecologique;2026-07-04;dossier-elektriciteit-if, verificatie/normverificatie.md;zelden;;;dossier-elektriciteit-if;nee;nee
p.fr.diagnostics.verplichte_diagnoses_kosten;Kosten van het verplichte diagnosepakket;Cout du dossier de diagnostic technique;Art. L271-4 Code de la construction;FR;overig_transactiekosten;fr.diagnostics;;;;verrichting;marktindex;verhoogt_last;;EUR;2026;;;te_verifieren;https://www.service-public.fr/particuliers/vosdroits/F16096;service-public.fr, dossier de diagnostic technique;nog niet geraadpleegd;Ministere de la transition ecologique;;;onregelmatig;;;;nee;ja
p.fr.dmto.abattement_bijzondere_departementen;Bijzondere DMTO-regelingen per departement;Regimes departementaux particuliers;Art. 1594 F ter, F sexies en F septies CGI;FR;fiscaal;fr.dmto;overdrachtsbelasting;;;koopsom;overheid_vastgesteld;verlaagt_last;;EUR en procent;2026;;;te_verifieren;https://www.impots.gouv.fr/sites/default/files/media/1_metier/3_partenaire/notaires/dmto/dmto_2026-06.pdf;"DGFiP, bareme DMTO; art. 1594 F ter, F sexies en F septies CGI";nog niet geraadpleegd;DGFiP;;;jaarlijks;;;;nee;ja
p.fr.dmto.departementaal_primo;Departementaal DMTO-tarief, primo-accedant;Taux departemental des DMTO, primo-accedant;Art. 116 II van wet 2025-127;FR;fiscaal;fr.dmto;overdrachtsbelasting;;;koopsom;overheid_vastgesteld;verlaagt_last;4,50 procent in 99 departementen, 3,80 procent in 2 departementen;procent;2026;2025-04-01;2028-03-31;vastgesteld;https://www.impots.gouv.fr/sites/default/files/media/1_metier/3_partenaire/notaires/dmto/dmto_2026-06.pdf;"DGFiP, tarieven per 1 juni 2026; art. 116 II van wet 2025-127";primair;DGFiP;2026-06-01;Vastgoedtransactie, bronnen.json;jaarlijks;;;Vastgoedtransactie;nee;nee
p.fr.dmto.departementaal_standaard;Departementaal DMTO-tarief, standaard;Taux departemental des DMTO, regime general;Art. 1594 D CGI;FR;fiscaal;fr.dmto;overdrachtsbelasting;;;koopsom;overheid_vastgesteld;verhoogt_last;5,00 procent in 89 departementen, 4,50 procent in 11 departementen, 3,80 procent in 1 departement;procent;2026;2025-04-01;2028-03-31;vastgesteld;https://www.impots.gouv.fr/sites/default/files/media/1_metier/3_partenaire/notaires/dmto/dmto_2026-06.pdf;"DGFiP, tarieven per 1 juni 2026; art. 1594 D CGI en art. 116 II van wet 2025-127 van 14 februari 2025";primair;DGFiP;2026-06-01;Vastgoedtransactie, bronnen.json;jaarlijks;;;Vastgoedtransactie;nee;nee
p.fr.dmto.frais_assiette;Frais d assiette over het departementale deel;Frais d assiette et de recouvrement;Art. 1647 V-a CGI;FR;fiscaal;fr.dmto;overdrachtsbelasting;;;koopsom;overheid_vastgesteld;verhoogt_last;2,37 procent bovenop het departementale deel;procent;2026;;;vastgesteld;https://www.legifrance.gouv.fr/codes/article_lc/LEGIARTI000054373998;art. 1647 V-a CGI, geheven op grond van art. 1594 A;primair;DGFiP;2026-06-01;Vastgoedtransactie, bronnen.json;zelden;;;Vastgoedtransactie;nee;nee
p.fr.dmto.taxe_communale;Taxe communale bij overdracht;Taxe communale additionnelle;Art. 1584 CGI;FR;fiscaal;fr.dmto;overdrachtsbelasting;;;koopsom;overheid_vastgesteld;verhoogt_last;1,20 procent;procent;2026;;;vastgesteld;https://www.legifrance.gouv.fr/codes/article_lc/LEGIARTI000054373998;"art. 1584 CGI; voor gemeenten die daar niet onder vallen art. 1595 bis met hetzelfde standaardtarief";primair;DGFiP;2026-06-01;Vastgoedtransactie, bronnen.json;zelden;;;Vastgoedtransactie;nee;nee
p.fr.don.barema_lijn_directe;Barema schenkingsrechten in rechte lijn;Bareme des droits de donation en ligne directe;Art. 777 CGI, tableau I;FR;fiscaal;fr.don;erf_en_schenkbelasting;;;schenking;overheid_vastgesteld;verhoogt_last;5 procent tot 8.072 euro oplopend tot 45 procent boven 1.805.677 euro;EUR en fractie;2026;;;vastgesteld;https://www.service-public.fr/particuliers/vosdroits/F14203;service-public.fr, fiche F14203;secundair: samenvattende fiche van service-public.fr, art. 777 CGI niet zelf gelezen;DGFiP;2024-11-07;erf-en-schenkingsrecht-nl-fr, app.js;zelden;;;erf-en-schenkingsrecht-nl-fr;nee;nee
p.fr.don.vrijstelling_geldschenking;Extra vrijstelling geldschenking;Don familial de somme d argent;Art. 790 G CGI;FR;fiscaal;fr.don;erf_en_schenkbelasting;;vrijstelling;schenking;overheid_vastgesteld;verlaagt_last;;EUR;2026;;;te_verifieren;;;;;;;zelden;;;erf-en-schenkingsrecht-nl-fr;nee;nee
p.fr.dpe.co2_emissiefactoren;CO2-emissiefactoren per energiedrager;Facteurs d emission de CO2 par energie;;FR;overig_transactiekosten;fr.dpe;;;;verbruik;overheid_vastgesteld;bepaalt_grondslag;;kg CO2 per kWh;2026;;;te_verifieren;;;;;;;meerjaarlijks;;;energieportaal | if-mobiel;nee;nee
p.fr.dpe.klassegrenzen;DPE-klassegrenzen voor energie en CO2;Seuils des classes DPE, energie et CO2;Etiquettes du diagnostic de performance energetique;FR;overig_transactiekosten;fr.dpe;;;drempel;verbruik;overheid_vastgesteld;bepaalt_toepasselijkheid;;kWh/m2 en kg CO2/m2;2026;;;te_verifieren;;;;;;;meerjaarlijks;;;energieportaal | if-mobiel;nee;nee
p.fr.dpe.primaire_energiefactor_elektriciteit;Primaire-energiefactor elektriciteit;Coefficient d energie primaire, electricite;Coefficient de conversion en energie primaire;FR;overig_transactiekosten;fr.dpe;;;;verbruik;overheid_vastgesteld;bepaalt_grondslag;;factor;2026;2026-01-01;;te_verifieren;;arrete du 13 aout 2025, in werking per 1 januari 2026;secundair: het arrete is in de repo genoemd maar niet als vindplaats vastgelegd;Ministere de la transition ecologique;;;meerjaarlijks;;;energieportaal | if-mobiel;nee;nee
p.fr.efact.datum_ontvangstplicht;Invoeringsdatum ontvangstplicht e-facturatie;Date d entree en vigueur de l obligation de reception;Facturation electronique, calendrier legal;FR;fiscaal;fr.efact;omzetbelasting;;;omzet;overheid_vastgesteld;bepaalt_toepasselijkheid;1 september 2026;datum;2026;2026-09-01;;vastgesteld;https://www.impots.gouv.fr/facturation-electronique;impots.gouv.fr, facturation electronique, gecontroleerd 8 juli 2026;primair;DGFiP;2026-07-08;e-facturatie-frankrijk, data/rules.ts;onregelmatig;;;e-facturatie-frankrijk;nee;nee
p.fr.efact.datum_uitgifteplicht_pme;Invoeringsdatum uitgifteplicht PME en TPE;Date d entree en vigueur de l obligation d emission, PME et TPE;;FR;fiscaal;fr.efact;omzetbelasting;;;omzet;overheid_vastgesteld;bepaalt_toepasselijkheid;1 september 2027;datum;2027;2027-09-01;;vastgesteld;https://www.impots.gouv.fr/facturation-electronique;impots.gouv.fr, facturation electronique, gecontroleerd 8 juli 2026;primair;DGFiP;2026-07-08;e-facturatie-frankrijk, data/rules.ts;onregelmatig;;;e-facturatie-frankrijk;nee;nee
p.fr.efact.grens_tpe;Grens voor een TPE;Seuil de la tres petite entreprise;Categories d entreprises, INSEE;FR;fiscaal;fr.efact;omzetbelasting;;drempel;omzet;overheid_vastgesteld;bepaalt_toepasselijkheid;minder dan 10 medewerkers en maximaal 2 miljoen euro omzet of balanstotaal;EUR en aantal;2026;;;vastgesteld;;"INSEE, categories d entreprises; gecontroleerd 8 juli 2026";secundair: definitie van de INSEE, het decreet niet zelf gelezen;INSEE;2026-07-08;e-facturatie-frankrijk, data/rules.ts;zelden;;;e-facturatie-frankrijk;nee;nee
p.fr.elec.beheerbijdrage_weigeren_linky;Beheerbijdrage bij weigeren van de Linky-meter;Contribution de gestion en cas de refus du compteur Linky;TURPE 7;FR;overig_transactiekosten;fr.elec;;;;verrichting;overheid_vastgesteld;verhoogt_last;6,48 euro exclusief btw per twee maanden, plus 4,14 euro exclusief btw bij meer dan een jaar geen meterstand;EUR;2026;2025-08-01;;vastgesteld;;TURPE 7, deliberatie van de CRE 2025-78;secundair: de deliberatie is genoemd maar niet als vindplaats vastgelegd;CRE en Enedis;2026-07-04;dossier-elektriciteit-if, hoofdstukken en verificatie;jaarlijks;;;dossier-elektriciteit-if;nee;nee
p.fr.elec.consuel_contre_visite;Consuel contre-visite;Consuel, contre-visite;Bareme Consuel;FR;overig_transactiekosten;fr.elec;;;;verrichting;overheid_vastgesteld;verhoogt_last;232,13 euro;EUR;2026;2025-09-02;;vastgesteld;;barema van Consuel, geverifieerd op 4 juli 2026;secundair: barema van Consuel, het arrete zelf niet gelezen;Consuel;2026-07-04;dossier-elektriciteit-if, hoofdstukken en verificatie;jaarlijks;;;dossier-elektriciteit-if;nee;nee
p.fr.elec.consuel_geel_elektronisch;Consuel-tarief attestation geel, elektronisch;Tarif Consuel, attestation jaune, voie electronique;Bareme Consuel;FR;overig_transactiekosten;fr.elec;;;;verrichting;overheid_vastgesteld;verhoogt_last;144,67 euro;EUR;2026;2025-09-02;;vastgesteld;;barema bij arrete van 4 augustus 2015, geindexeerd met 0,64 procent per 2 september 2025;secundair: barema van Consuel, het arrete zelf niet gelezen;Consuel;2026-07-04;dossier-elektriciteit-if, hoofdstukken en verificatie;jaarlijks;;;dossier-elektriciteit-if;nee;nee
p.fr.elec.consuel_indexering;Indexering van het Consuel-barema;Indexation du bareme Consuel;;FR;overig_transactiekosten;fr.elec;;;;verrichting;overheid_vastgesteld;verhoogt_last;0,64 procent per 2 september 2025;procent;2026;2025-09-02;;vastgesteld;;indexering van het barema per 2 september 2025;secundair: mededeling van Consuel, de onderliggende beslissing niet gelezen;Consuel;2026-07-04;dossier-elektriciteit-if, hoofdstukken en verificatie;jaarlijks;;;dossier-elektriciteit-if;nee;nee
p.fr.elec.consuel_overige_formulieren;Consuel-tarieven overige formulieren;Tarifs Consuel, autres attestations;Bareme Consuel;FR;overig_transactiekosten;fr.elec;;;;verrichting;overheid_vastgesteld;verhoogt_last;"geel op papier 146,15; groen 76,37; blauw 201,17; violet 230,32 euro";EUR;2026;2025-09-02;;vastgesteld;;barema van Consuel, geverifieerd op 4 juli 2026;secundair: barema van Consuel, het arrete zelf niet gelezen;Consuel;2026-07-04;dossier-elektriciteit-if, hoofdstukken en verificatie;jaarlijks;;;dossier-elektriciteit-if;nee;nee
p.fr.elec.tariefoptiewissel_zonder_linky;Tariefoptiewissel zonder Linky;Changement d option tarifaire sans Linky;TURPE, prestation Enedis;FR;overig_transactiekosten;fr.elec;;;;verrichting;overheid_vastgesteld;verhoogt_last;"56,72 euro; met Linky gratis";EUR;2026;;;vastgesteld;;catalogue des prestations Enedis, geverifieerd op 4 juli 2026;secundair: prestatiecatalogus van Enedis, de CRE-deliberatie niet zelf gelezen;Enedis;2026-07-04;dossier-elektriciteit-if, hoofdstukken en verificatie;jaarlijks;;;dossier-elektriciteit-if;nee;nee
p.fr.elec.vermogenstrappen;Vermogenstrappen en aansluitgrenzen;Paliers de puissance et limites de raccordement;;FR;overig_transactiekosten;fr.elec;;;;verrichting;overheid_vastgesteld;bepaalt_toepasselijkheid;"abonnement 3, 6, 9 of 12 kVA; monophase maximaal 12 kVA; triphase tot 36 kVA";kVA;2026;;;vastgesteld;;Enedis, aansluitvoorwaarden, geverifieerd op 4 juli 2026;secundair: voorwaarden van Enedis, de norm zelf niet gelezen;Enedis;2026-07-04;dossier-elektriciteit-if, hoofdstukken en verificatie;zelden;;;dossier-elektriciteit-if;nee;nee
p.fr.elec.wijziging_puissance_souscrite;Administratieve wijziging van de puissance souscrite;Changement de puissance souscrite;Catalogue des prestations Enedis;FR;overig_transactiekosten;fr.elec;;;;verrichting;overheid_vastgesteld;verhoogt_last;circa 4,28 euro inclusief btw;EUR;2026;;;vastgesteld;;catalogue des prestations Enedis;secundair: prestatiecatalogus van Enedis, de CRE-deliberatie niet zelf gelezen;Enedis;2026-07-04;dossier-elektriciteit-if, hoofdstukken en verificatie;jaarlijks;;;dossier-elektriciteit-if;nee;nee
p.fr.energie.apparaatverbruik_per_jaar;Apparaatverbruik per jaar;Consommation annuelle par appareil;;FR;overig_transactiekosten;fr.energie;;;;verbruik;indicatief;bepaalt_grondslag;;kWh/jaar;2026;;;te_verifieren;;;;;;;zelden;;;warmteverlies-calculator | Energiecalculator-Frankrijk-door-Nederlanders.fr;ja;nee
p.fr.energie.graaddagen_per_klimaatzone;Graaddagen en referentietemperatuur per klimaatzone;Degres-jours et temperature de reference par zone;;FR;overig_transactiekosten;fr.energie;;;;verbruik;indicatief;bepaalt_grondslag;;HDD en graden C;2026;;;te_verifieren;;;;;;;zelden;;;energieportaal | if-mobiel | warmteverlies-calculator | Energiecalculator-Frankrijk-door-Nederlanders.fr;nee;nee
p.fr.energie.houtenergie_per_stere;Energie-inhoud hout per stere;Contenu energetique du bois par stere;;FR;overig_transactiekosten;fr.energie;;;;verbruik;indicatief;bepaalt_grondslag;;kWh/stere;2026;;;te_verifieren;;;;;;;zelden;;;nlfr-ai-agent;nee;nee
p.fr.energie.koeldagen_en_zwembadtemperatuur;Koeldagen en zwembadtemperatuur per klimaatzone;Degres-jours de refroidissement et temperature de piscine;;FR;overig_transactiekosten;fr.energie;;;;verbruik;indicatief;bepaalt_grondslag;;CDD en graden C;2026;;;te_verifieren;;;;;;;zelden;;;warmteverlies-calculator | Energiecalculator-Frankrijk-door-Nederlanders.fr;nee;nee
p.fr.energie.omrekenfactoren_kwh;Omrekenfactoren naar kWh per eenheid;Facteurs de conversion en kWh;;FR;overig_transactiekosten;fr.energie;;;;verbruik;afgeleid;bepaalt_grondslag;;kWh per eenheid;2026;;;te_verifieren;;;;;;;zelden;;;energieportaal | if-mobiel | warmteverlies-calculator | Energiecalculator-Frankrijk-door-Nederlanders.fr | nlfr-ai-agent;nee;nee
p.fr.energie.pv_opbrengst_per_klimaatzone;PV-opbrengst per klimaatzone;Productible photovoltaique par zone;;FR;overig_transactiekosten;fr.energie;;;;verbruik;indicatief;bepaalt_grondslag;;kWh per kWp per jaar;2026;;;te_verifieren;;;;;;;zelden;;;energieportaal | if-mobiel | warmteverlies-calculator | Energiecalculator-Frankrijk-door-Nederlanders.fr;nee;nee
p.fr.energie.referentieprijzen;Referentie-energieprijzen met peildatum;Prix de reference de l energie;;FR;overig_transactiekosten;fr.energie;;;;verbruik;marktindex;bepaalt_grondslag;;EUR per eenheid;2026;;;te_verifieren;;CRE voor elektriciteit en gas, DGEC Pegase voor propaan en stookolie;secundair: waarden in de tool met een refDate per waarde, niet per waarde tegen de publicatie gelegd;CRE en DGEC;;;doorlopend;;;energieportaal;nee;nee
p.fr.energie.standaardprijzen_invoer;Standaard energieprijzen als invulwaarde;Prix de l energie par defaut;;FR;overig_transactiekosten;fr.energie;;;;verbruik;gebruikersinvoer;bepaalt_grondslag;;EUR per eenheid;2026;;;te_verifieren;;;;;;;onregelmatig;;;energieportaal | if-mobiel | warmteverlies-calculator | Energiecalculator-Frankrijk-door-Nederlanders.fr;ja;nee
p.fr.energie.u_waarden_isolatieniveau;U-waarden per isolatieniveau;Coefficients U par niveau d isolation;;FR;overig_transactiekosten;fr.energie;;;;verbruik;indicatief;bepaalt_grondslag;;W/m2K;2026;;;te_verifieren;;;;;;;zelden;;;energieportaal | if-mobiel | warmteverlies-calculator | Energiecalculator-Frankrijk-door-Nederlanders.fr;ja;nee
p.fr.energie.verouderingsdrempel_prijzen;Verouderingsdrempel voor de energieprijzen;Seuil d obsolescence des prix;;FR;overig_transactiekosten;fr.energie;;;;verbruik;afgeleid;informatief;;dagen;2026;;;te_verifieren;;;;;;;onbekend;;;energieportaal;nee;nee
p.fr.erf.reserve_hereditaire;Reserve hereditaire per aantal kinderen;Reserve hereditaire selon le nombre d enfants;Art. 913 Code civil;FR;fiscaal;fr.erf;;;;nalatenschap;overheid_vastgesteld;bepaalt_grondslag;;fractie;2026;;;te_verifieren;;;;;;;zelden;;;cafeclaude;nee;nee
p.fr.gite.degressieve_reeks;Degressieve reeks per bezitsjaar in GiteKompas;Serie degressive par annee de detention;;FR;fiscaal;fr.gite;inkomstenbelasting;;degressieve_aftrek;omzet;indicatief;verlaagt_last;;procent;2026;;;te_verifieren;;;;;;;onbekend;;;gitekompas-fr;nee;nee
p.fr.gite.minimumheffing_niet_residenten;Minimumheffing niet-residenten, bandbreedte;Taux minimum d imposition des non-residents;Taux minimum, art. 197 A CGI;FR;fiscaal;fr.gite;inkomstenbelasting;;;omzet;indicatief;verhoogt_last;;procent;2026;;;te_verifieren;;;;;;;jaarlijks;;;gitekompas-fr;nee;nee
p.fr.handel.forfaitaire_incassokosten;Forfaitaire incassokosten bij te late betaling;Indemnite forfaitaire de recouvrement;Art. L441-10 Code de commerce;FR;overig_transactiekosten;fr.handel;;;;verrichting;overheid_vastgesteld;verhoogt_last;;EUR;2026;;;te_verifieren;;;;;;;zelden;;;briefhulp-fr;nee;nee
p.fr.huur.boete_late_teruggave_borg;Boete bij te late teruggave van de huurborg;Majoration en cas de restitution tardive du depot de garantie;Art. 22 al. 5 loi 89-462;FR;overig_transactiekosten;fr.huur;;;;verrichting;overheid_vastgesteld;verlaagt_last;;procent;2026;;;te_verifieren;;art. 22 al. 5 van wet 89-462 van 6 juli 1989;secundair: wetsartikel genoemd in de brieftemplate, de tekst niet als vindplaats vastgelegd;;;;zelden;;;briefhulp-fr | briefhulp-fr | briefhulp-fr;nee;nee
p.fr.ifi.drempel;IFI-drempel;Seuil d assujettissement a l IFI;Seuil de 1.300.000 euros, art. 964 CGI;FR;fiscaal;fr.ifi;vermogensbelasting;;drempel;vermogen;overheid_vastgesteld;bepaalt_toepasselijkheid;;EUR;2026;;;te_verifieren;;;;;;;zelden;2018-01-01;;financieel-kompas-ai | cafeclaude;nee;nee
p.fr.ifi.schijven;IFI-schijven en tarieven;Bareme de l IFI;Tarif de l IFI, art. 977 CGI;FR;fiscaal;fr.ifi;vermogensbelasting;;;vermogen;overheid_vastgesteld;verhoogt_last;;EUR en fractie;2026;;;te_verifieren;;;;;;;zelden;2018-01-01;;financieel-kompas-ai;nee;nee
p.fr.ir.abattement_65plus;Abattement voor 65-plussers;Abattement pour personnes agees de plus de 65 ans;Abattement special, art. 157 bis CGI;FR;fiscaal;fr.ir;inkomstenbelasting;;abattement;inkomen;overheid_vastgesteld;verlaagt_last;;EUR;2026;;;te_verifieren;;;;;;;jaarlijks;;;financieel-kompas-ai;nee;nee
p.fr.ir.abattement_loon;Abattement op loon: tarief, minimum en maximum;Abattement de 10 pour cent sur les salaires;Deduction forfaitaire pour frais professionnels;FR;fiscaal;fr.ir;inkomstenbelasting;;abattement;inkomen;overheid_vastgesteld;verlaagt_last;10 procent, minimaal 509 euro en maximaal 14.555 euro per persoon;fractie en EUR;2026;;;vastgesteld;https://www.service-public.fr/particuliers/vosdroits/F1989;service-public.fr, fiche F1989, Impot sur le revenu: frais professionnels, forfait ou frais reels;secundair: samenvattende fiche van service-public.fr, het wetsartikel niet zelf gelezen;DGFiP;2026-04-15;financieel-kompas-ai, config.json;jaarlijks;;;financieel-kompas-ai;nee;nee
p.fr.ir.abattement_micro_diensten;Abattement micro op winst uit diensten;Abattement micro, prestations de services;Abattement forfaitaire micro-BIC ou micro-BNC;FR;fiscaal;fr.ir;inkomstenbelasting;;abattement;inkomen;overheid_vastgesteld;verlaagt_last;;fractie;2026;;;te_verifieren;;;;;;;onregelmatig;;;financieel-kompas-ai;nee;nee
p.fr.ir.abattement_micro_verhuur;Abattement micro op winst uit verhuur;Abattement micro, location meublee;;FR;fiscaal;fr.ir;inkomstenbelasting;;abattement;inkomen;overheid_vastgesteld;verlaagt_last;;fractie;2026;;;te_verifieren;;;;;;;onregelmatig;;;financieel-kompas-ai;nee;nee
p.fr.ir.abattement_pensioen;Abattement op pensioen: tarief, minimum en maximum;Abattement de 10 pour cent sur les pensions;Abattement de 10 pour cent, art. 158-5 CGI;FR;fiscaal;fr.ir;inkomstenbelasting;;abattement;inkomen;overheid_vastgesteld;verlaagt_last;10 procent, minimaal 454 euro per persoon en maximaal 4.439 euro per huishouden;fractie en EUR;2026;;;vastgesteld;https://www.service-public.fr/particuliers/vosdroits/F415;service-public.fr, fiche F415, Impot sur le revenu: declarer les pensions de retraite;secundair: samenvattende fiche van service-public.fr, art. 158-5 CGI niet zelf gelezen;DGFiP;2026-04-15;financieel-kompas-ai, config.json;jaarlijks;;;financieel-kompas-ai;nee;nee
p.fr.ir.boete_niet_aangifte_buitenlandse_rekening;Boete niet-aangifte buitenlandse rekening;Amende pour compte etranger non declare;Amende, art. 1736 IV CGI, formulaire 3916;FR;fiscaal;fr.ir;inkomstenbelasting;;;inkomen;overheid_vastgesteld;verhoogt_last;;EUR/jaar;2026;;;te_verifieren;;;;;;;zelden;;;cafeclaude;nee;nee
p.fr.ir.contribution_haut_revenus;Contribution exceptionnelle sur les hauts revenus;Contribution exceptionnelle sur les hauts revenus;CEHR, art. 223 sexies CGI;FR;fiscaal;fr.ir;inkomstenbelasting;;;inkomen;overheid_vastgesteld;verhoogt_last;;EUR en procent;2026;;;te_verifieren;https://www.impots.gouv.fr;"impots.gouv.fr, contribution exceptionnelle sur les hauts revenus; art. 223 sexies CGI";nog niet geraadpleegd;DGFiP;;;jaarlijks;;;;nee;ja
p.fr.ir.credit_hulp_aan_huis_percentage;Credit d impot hulp aan huis, percentage;Credit d impot services a la personne, taux;Credit d impot, art. 199 sexdecies CGI;FR;fiscaal;fr.ir;inkomstenbelasting;;belastingkrediet;inkomen;overheid_vastgesteld;verlaagt_last;;fractie;2026;;;te_verifieren;;;;;;;zelden;;;financieel-kompas-ai | ouderenzorg-fr;nee;nee
p.fr.ir.credit_hulp_aan_huis_plafond;Credit d impot hulp aan huis, plafond;Credit d impot services a la personne, plafond;Plafond de depenses, art. 199 sexdecies CGI;FR;fiscaal;fr.ir;inkomstenbelasting;;plafond;inkomen;overheid_vastgesteld;verlaagt_last;;EUR/jaar;2026;;;te_verifieren;;;;;;;zelden;;;financieel-kompas-ai | ouderenzorg-fr;ja;nee
p.fr.ir.decote;Decote: drempels, forfaits en percentage;Decote de l impot sur le revenu;Decote, art. 197 I-4 CGI;FR;fiscaal;fr.ir;inkomstenbelasting;;heffingskorting;inkomen;overheid_vastgesteld;verlaagt_last;;EUR en fractie;2026;;;te_verifieren;;"economie.gouv.fr, Pouvez-vous beneficier de la decote de l impot sur le revenu (inkomsten 2025, aanslag 2026); wettelijke grondslag art. 197 CGI";secundair: voorlichtingspagina van economie.gouv.fr, art. 197 CGI niet zelf gelezen;DGFiP;;;jaarlijks;;;financieel-kompas-ai | cafeclaude;nee;nee
p.fr.ir.pfu_tarief;PFU, inkomstenbelastingdeel;Prelevement forfaitaire unique, part impot sur le revenu;Prelevement forfaitaire unique, art. 200 A CGI;FR;fiscaal;fr.ir;inkomstenbelasting;;;inkomen;overheid_vastgesteld;verhoogt_last;;fractie;2026;;;te_verifieren;;;;;;;zelden;2018-01-01;;financieel-kompas-ai | cafeclaude;nee;nee
p.fr.ir.quotient_plafond_per_halve_part;Plafond gezinsquotient per halve part;Plafonnement du quotient familial par demi-part;Plafonnement des effets du quotient familial;FR;fiscaal;fr.ir;inkomstenbelasting;;plafond;inkomen;overheid_vastgesteld;verhoogt_last;;EUR;2026;;;te_verifieren;;;;;;;jaarlijks;;;financieel-kompas-ai;nee;nee
p.fr.ir.schijven;Schijven en tarieven impot sur le revenu;Bareme de l impot sur le revenu;Bareme progressif, art. 197 CGI;FR;fiscaal;fr.ir;inkomstenbelasting;;;inkomen;overheid_vastgesteld;verhoogt_last;;EUR en fractie;2026;;;te_verifieren;;;;;;;jaarlijks;;;financieel-kompas-ai | cafeclaude;nee;nee
p.fr.ir.seuil_declaration;Aangiftedrempel impot sur le revenu;Seuil de declaration de revenus;;FR;fiscaal;fr.ir;inkomstenbelasting;;drempel;inkomen;overheid_vastgesteld;bepaalt_toepasselijkheid;;EUR;2026;;;te_verifieren;https://www.impots.gouv.fr;impots.gouv.fr, obligation de declarer;nog niet geraadpleegd;DGFiP;;;jaarlijks;;;;nee;ja
p.fr.ir.taux_minimum_non_residents;Minimumtarief voor niet-residenten;Taux minimum d imposition des non-residents;Art. 197 A CGI;FR;fiscaal;fr.ir;inkomstenbelasting;;;inkomen;overheid_vastgesteld;verhoogt_last;;procent en EUR;2026;;;te_verifieren;https://www.impots.gouv.fr/particulier/non-resident;"impots.gouv.fr, non-residents; art. 197 A CGI";nog niet geraadpleegd;DGFiP;;;jaarlijks;;;;nee;ja
p.fr.lmp.drempel;LMP-drempel;Seuil du statut de loueur en meuble professionnel;Art. 155 IV CGI;FR;sociaal;fr.lmp;;zelfstandigenbijdrage;drempel;omzet;overheid_vastgesteld;bepaalt_toepasselijkheid;;EUR;2026;;;te_verifieren;;;;;;;zelden;;;cafeclaude;nee;nee
p.fr.markt.dvf_transactieprijzen;DVF, werkelijke transactieprijzen onroerend goed;DVF, demandes de valeurs foncieres;Demandes de valeurs foncieres, DGFiP, open data;FR;overig_transactiekosten;fr.markt;;;;koopsom;marktindex;bepaalt_grondslag;;EUR en EUR/m2;2026;;;te_verifieren;https://www.data.gouv.fr/fr/datasets/demandes-de-valeurs-foncieres/;Demandes de valeurs foncieres (DVF), open data van de DGFiP op data.gouv.fr;primair;DGFiP, via data.gouv.fr;;;halfjaarlijks;;;Vastgoedtransactie | woningzoeker-frankrijk | if-tools-api;nee;nee
p.fr.micro.abattement_per_categorie;Abattement micro per categorie;Abattement micro par categorie;Abattement forfaitaire, art. 50-0 en 102 ter CGI;FR;fiscaal;fr.micro;inkomstenbelasting;;abattement;omzet;overheid_vastgesteld;verlaagt_last;;procent;2026;;;te_verifieren;;;;;;;onregelmatig;;;cafeclaude;nee;nee
p.fr.micro.bic_verhuur;Micro-BIC verhuur: plafond en abattement per type;Micro-BIC location: plafond et abattement par type;Art. 50-0 CGI, meubles de tourisme et chambres d hotes;FR;fiscaal;fr.micro;inkomstenbelasting;;abattement;omzet;overheid_vastgesteld;verlaagt_last;;EUR en procent;2026;;;te_verifieren;;;;;;;onregelmatig;;;cafeclaude | gitekompas-fr;nee;nee
p.fr.micro.plafonds;Omzetplafonds micro-entreprise per categorie;Plafonds de chiffre d affaires du regime micro;Seuils du regime micro, art. 50-0 CGI;FR;fiscaal;fr.micro;inkomstenbelasting;;plafond;omzet;overheid_vastgesteld;bepaalt_toepasselijkheid;;EUR;2026;;;te_verifieren;;;;;;;meerjaarlijks;;;cafeclaude;nee;nee
p.fr.mutuelle.premie_indicatie;Premie-indicatie complementaire sante;Prix indicatif d une mutuelle;;FR;verzekering_overheidsgekaderd;fr.mutuelle;;;;polis;indicatief;verhoogt_last;;EUR/maand;2026;;;te_verifieren;https://www.service-public.fr;marktoverzicht, bron nog te kiezen;nog niet geraadpleegd;geen enkele instantie, marktgegeven;;;jaarlijks;;;;nee;ja
p.fr.notaris.debours_forfait;Debours, forfaitaire schatting;Debours, estimation forfaitaire;;FR;overig_transactiekosten;fr.notaris;;;;akte;indicatief;verhoogt_last;;EUR;2026;;;te_verifieren;;;;;;;onbekend;;;Vastgoedtransactie;nee;nee
p.fr.notaris.emolumenten_schaal;Emolumenten notaris, trancheschaal;Emoluments du notaire, bareme par tranche;Tableau 5 numero 17, art. A444-91 Code de commerce;FR;overig_transactiekosten;fr.notaris;;;;akte;overheid_vastgesteld;verhoogt_last;"tot 6.500 euro 3,870 procent; tot 17.000 euro 1,596 procent; tot 60.000 euro 1,064 procent; daarboven 0,799 procent";EUR en procent;2026;2026-03-01;2028-02-29;vastgesteld;https://www.economie.gouv.fr/particuliers/gerer-mon-argent/investir-dans-limmobilier/achat-dun-bien-immobilier-quels-frais-de-notaire-devez-vous-payer;art. A444-91 Code de commerce, tabel 5 nr. 17, tarieven verlengd bij arrete van 25 februari 2026;secundair: voorlichtingspagina van economie.gouv.fr, het arrete zelf niet gelezen;Ministere de l economie en Conseil superieur du notariat;2026-08-12;Vastgoedtransactie, bronnen.json;meerjaarlijks;;;Vastgoedtransactie;nee;nee
p.fr.notaris.remise_drempel_en_maximum;Wettelijke korting op de emolumenten;Remise sur les emoluments du notaire;Remise, art. A444-174 Code de commerce;FR;overig_transactiekosten;fr.notaris;;;drempel;akte;overheid_vastgesteld;verlaagt_last;maximaal 20 procent over het deel van de grondslag vanaf 100.000 euro;EUR en procent;2026;;;vastgesteld;https://www.economie.gouv.fr/particuliers/gerer-mon-argent/investir-dans-limmobilier/achat-dun-bien-immobilier-quels-frais-de-notaire-devez-vous-payer;wettelijke korting op de emolumenten, maximaal 20 procent vanaf 100.000 euro;secundair: voorlichtingspagina van economie.gouv.fr, het wetsartikel niet zelf gelezen;Ministere de l economie;2026-08-12;Vastgoedtransactie, bronnen.json;meerjaarlijks;;;Vastgoedtransactie;nee;nee
p.fr.notaris.tarief_hypotheekakte;Emolumenten en heffingen bij een hypotheekakte;Frais d acte de pret et taxe de publicite fonciere;;FR;overig_transactiekosten;fr.notaris;;;;akte;overheid_vastgesteld;verhoogt_last;;procent en EUR;2026;;;te_verifieren;https://www.economie.gouv.fr/particuliers/gerer-mon-argent/investir-dans-limmobilier/achat-dun-bien-immobilier-quels-frais-de-notaire-devez-vous-payer;tabel 5 Code de commerce en art. 844 CGI;nog niet geraadpleegd;Ministere de l economie;;;meerjaarlijks;;;;nee;ja
p.fr.notaris.vuistregel_kosten_ancien;Vuistregel notariskosten bestaande bouw;Regle empirique des frais de notaire, ancien;;FR;overig_transactiekosten;fr.notaris;;;;akte;indicatief;verhoogt_last;;procent;2026;;;te_verifieren;;;;;;;onbekend;;;cafeclaude | if-tools-api | woningzoeker-frankrijk;ja;nee
p.fr.ps.opbouw;Opbouw van de prelevements sociaux;Composition des prelevements sociaux;;FR;sociaal;fr.ps;;prelevement_social;;vermogen;overheid_vastgesteld;informatief;;fractie;2026;;;te_verifieren;;;;;;;zelden;;;cafeclaude;nee;nee
p.fr.ps.taux_global;Prelevements sociaux op vermogen, totaaltarief;Prelevements sociaux sur les revenus du patrimoine;Prelevements sociaux, taux global;FR;sociaal;fr.ps;;prelevement_social;;vermogen;overheid_vastgesteld;verhoogt_last;17,2 procent;fractie;2026;;;vastgesteld;https://www.impots.gouv.fr/particulier/questions/je-vends-mon-bien-immobilier-vais-je-payer-de-la-plus-value-immobiliere;"impots.gouv.fr, plus-value immobiliere, bijgewerkt 7 juli 2026; opbouw CSG 9,2 plus CRDS 0,5 plus prelevement de solidarite 7,5";primair;DGFiP;2026-08-12;Vastgoedtransactie, bronnen.json;zelden;2012-07-01;;financieel-kompas-ai | Vastgoedtransactie | Plus-Value-Calculator | cafeclaude;nee;nee
p.fr.ps.taux_roerend;Prelevements sociaux op roerend inkomen in de tool;Prelevements sociaux sur les revenus mobiliers;;FR;sociaal;fr.ps;;prelevement_social;;vermogen;overheid_vastgesteld;verhoogt_last;;fractie;2026;;;te_verifieren;;;;;;;zelden;;;financieel-kompas-ai;nee;nee
p.fr.pv.abattement_ir_per_jaar;Aftrek inkomstenbelasting per bezitsjaar;Abattement pour duree de detention, impot sur le revenu;Art. 150 VC CGI;FR;fiscaal;fr.pv;meerwaardeheffing;;degressieve_aftrek;meerwaarde;overheid_vastgesteld;verlaagt_last;6 procent per jaar vanaf jaar 6, 4 procent in jaar 22, volledig vrijgesteld na 22 jaar;procent per jaar;2026;;;vastgesteld;https://www.impots.gouv.fr/particulier/questions/je-vends-mon-bien-immobilier-vais-je-payer-de-la-plus-value-immobiliere;"art. 150 VC CGI; impots.gouv.fr, bijgewerkt 7 juli 2026";primair;DGFiP;2026-08-12;Vastgoedtransactie, bronnen.json;zelden;;;Vastgoedtransactie | Plus-Value-Calculator;nee;nee
p.fr.pv.abattement_ps_per_jaar;Aftrek prelevements sociaux per bezitsjaar;Abattement pour duree de detention, prelevements sociaux;Art. 150 VC CGI;FR;fiscaal;fr.pv;meerwaardeheffing;;degressieve_aftrek;meerwaarde;overheid_vastgesteld;verlaagt_last;1,65 procent per jaar vanaf jaar 6, 1,60 procent in jaar 22, 9 procent in de jaren 23 tot en met 30, volledig vrijgesteld na 30 jaar;procent per jaar;2026;;;vastgesteld;https://www.impots.gouv.fr/particulier/questions/je-vends-mon-bien-immobilier-vais-je-payer-de-la-plus-value-immobiliere;"art. 150 VC CGI; impots.gouv.fr, bijgewerkt 7 juli 2026";primair;DGFiP;2026-08-12;Vastgoedtransactie, bronnen.json;zelden;;;Vastgoedtransactie | Plus-Value-Calculator;nee;nee
p.fr.pv.exoneration_residence_principale;Vrijstelling meerwaarde hoofdverblijf;Exoneration de la residence principale;Art. 150 U II 1 CGI;FR;fiscaal;fr.pv;meerwaardeheffing;;vrijstelling;meerwaarde;overheid_vastgesteld;verlaagt_last;;tekst;2026;;;te_verifieren;https://www.impots.gouv.fr/particulier/questions/je-vends-mon-bien-immobilier-vais-je-payer-de-la-plus-value-immobiliere;"art. 150 U II 1 CGI; impots.gouv.fr";nog niet geraadpleegd;DGFiP;;;zelden;;;;nee;ja
p.fr.pv.forfait_aankoopkosten;Forfait aankoopkosten bij de meerwaarde;Forfait des frais d acquisition;Art. 150 VB II-3 CGI;FR;fiscaal;fr.pv;meerwaardeheffing;;abattement;meerwaarde;overheid_vastgesteld;verlaagt_last;7,5 procent van de aankoopprijs;procent;2026;;;vastgesteld;https://www.legifrance.gouv.fr/codes/article_lc/LEGIARTI000051202577;art. 150 VB II-3 CGI, versie in werking sinds 21 februari 2026;primair;DGFiP;2026-08-12;Vastgoedtransactie, bronnen.json;zelden;;;Vastgoedtransactie | Plus-Value-Calculator;nee;nee
p.fr.pv.forfait_werkzaamheden;Forfait verbouwing bij de meerwaarde;Forfait des travaux;Art. 150 VB II-4 CGI;FR;fiscaal;fr.pv;meerwaardeheffing;;abattement;meerwaarde;overheid_vastgesteld;verlaagt_last;15 procent van de aankoopprijs;procent;2026;;;vastgesteld;https://www.legifrance.gouv.fr/codes/article_lc/LEGIARTI000051202577;art. 150 VB II-4 CGI, versie in werking sinds 21 februari 2026;primair;DGFiP;2026-08-12;Vastgoedtransactie, bronnen.json;zelden;;;Vastgoedtransactie | Plus-Value-Calculator;nee;nee
p.fr.pv.surtaxe_barema;Surtaxe op hoge meerwaarden;Taxe sur les plus-values immobilieres elevees;Art. 1609 nonies G CGI;FR;fiscaal;fr.pv;meerwaardeheffing;;;meerwaarde;overheid_vastgesteld;verhoogt_last;vanaf 50.000 euro belastbare meerwaarde, 2 tot 6 procent met afvlakking per tranche;EUR en procent;2026;2024-01-01;;vastgesteld;https://www.legifrance.gouv.fr/codes/article_lc/LEGIARTI000048806252;art. 1609 nonies G CGI, versie in werking sinds 1 januari 2024;primair;DGFiP;2026-08-12;Vastgoedtransactie, bronnen.json;zelden;2013-01-01;;Vastgoedtransactie | Plus-Value-Calculator;ja;nee
p.fr.pv.tarief_ir;Tarief inkomstenbelasting op de meerwaarde;Taux d impot sur le revenu sur la plus-value;Art. 200 B CGI;FR;fiscaal;fr.pv;meerwaardeheffing;;;meerwaarde;overheid_vastgesteld;verhoogt_last;19 procent;procent;2026;;;vastgesteld;https://www.impots.gouv.fr/particulier/questions/je-vends-mon-bien-immobilier-vais-je-payer-de-la-plus-value-immobiliere;"art. 200 B CGI; impots.gouv.fr, bijgewerkt 7 juli 2026";primair;DGFiP;2026-08-12;Vastgoedtransactie, bronnen.json;zelden;;;Vastgoedtransactie | Plus-Value-Calculator | cafeclaude;nee;nee
p.fr.pv.terugname_afschrijvingen_vanaf;Terugname afgetrokken afschrijvingen bij gemeubileerde verhuur;Reintegration des amortissements en location meublee;Art. 150 VB III CGI;FR;fiscaal;fr.pv;meerwaardeheffing;;;meerwaarde;overheid_vastgesteld;verhoogt_last;geldt voor verkopen vanaf 15 februari 2025;datum;2026;2025-02-15;;vastgesteld;https://www.legifrance.gouv.fr/codes/article_lc/LEGIARTI000051202577;art. 150 VB III CGI, ingevoerd bij art. 84 van wet 2025-127, gewijzigd bij art. 47 van wet 2026-103 van 19 februari 2026;primair;DGFiP;2026-08-12;Vastgoedtransactie, bronnen.json;onregelmatig;2025-02-15;;Vastgoedtransactie;nee;nee
p.fr.pv.vrijstelling_eu_eer;Vrijstelling meerwaarde voor onderdanen van de EU of EER;Exoneration pour les ressortissants UE ou EEE;Art. 150 U II 2 CGI;FR;fiscaal;fr.pv;meerwaardeheffing;;vrijstelling;meerwaarde;overheid_vastgesteld;verlaagt_last;150.000 euro netto belastbare meerwaarde;EUR;2026;;;vastgesteld;;"art. 150 U II 2 CGI en art. 244 bis A CGI; BOFiP, BOI-RFPI-PVINR-10-20";primair;DGFiP;2026-08-12;Vastgoedtransactie, bronnen.json;zelden;;;Vastgoedtransactie;nee;nee
p.fr.renov.besparing_per_graad;Besparing per graad lagere binnentemperatuur;Economie par degre de moins;;FR;fiscaal;fr.renov;;;;verrichting;indicatief;informatief;;procent;2026;;;te_verifieren;;;;;;;zelden;;;nlfr-ai-agent;nee;nee
p.fr.renov.ecoptz_maximum;Eco-PTZ, maximum leenbedrag;Eco-pret a taux zero, montant maximal;;FR;fiscaal;fr.renov;;;plafond;verrichting;overheid_vastgesteld;verlaagt_last;;EUR;2026;;;te_verifieren;;;;;;;meerjaarlijks;;;nlfr-ai-agent;nee;nee
p.fr.renov.maprimeadapt_maximum;MaPrimeAdapt, maximaal aandeel van de kosten;MaPrimeAdapt, part maximale des couts;;FR;fiscaal;fr.renov;;;plafond;verrichting;overheid_vastgesteld;verlaagt_last;;procent;2026;;;te_verifieren;;;;;;;jaarlijks;;;ouderenzorg-fr;nee;nee
p.fr.renov.maprimerenov_budget;MaPrimeRenov, budget en achterstand;MaPrimeRenov, budget et arrieres;;FR;fiscaal;fr.renov;;;;verrichting;indicatief;informatief;;EUR en aantal;2026;;;te_verifieren;;;;;;;jaarlijks;;;nlfr-ai-agent;nee;nee
p.fr.renov.maprimerenov_plafond;MaPrimeRenov, plafondbedrag in de pagina;MaPrimeRenov, plafond;;FR;fiscaal;fr.renov;;;plafond;verrichting;overheid_vastgesteld;verlaagt_last;;EUR;2026;;;te_verifieren;;;;;;;jaarlijks;;;energiebesparing-subsidie-en-fiscale-regelingen;nee;nee
p.fr.renov.ouderdomsgrens_woning;Ouderdomsgrens van de woning voor verlaagd tarief en Eco-PTZ;Anciennete du logement requise;;FR;fiscaal;fr.renov;;;drempel;verrichting;overheid_vastgesteld;bepaalt_toepasselijkheid;;jaren;2026;;;te_verifieren;;;;;;;zelden;;;energiebesparing-subsidie-en-fiscale-regelingen;nee;nee
p.fr.renov.richtprijzen_maatregelen;Richtprijzen renovatiemaatregelen;Prix indicatifs des travaux de renovation;;FR;fiscaal;fr.renov;;;;verrichting;indicatief;bepaalt_grondslag;;EUR;2026;;;te_verifieren;;;;;;;onregelmatig;;;nlfr-ai-agent;nee;nee
p.fr.retraite.gemiddeld_salaris_referentie;Referentiesalaris voor de pensioenraming;Salaire moyen de reference pour l estimation;;FR;sociaal;fr.retraite;;premie_werknemersverzekering;;inkomen;indicatief;bepaalt_grondslag;;EUR/jaar;2026;;;te_verifieren;;;;;;;onbekend;;;financieel-kompas-ai;nee;nee
p.fr.retraite.jaren_vereist;Vereiste pensioenjaren Frankrijk;Duree d assurance requise;Duree d assurance pour le taux plein;FR;sociaal;fr.retraite;;premie_werknemersverzekering;;inkomen;overheid_vastgesteld;bepaalt_toepasselijkheid;;jaren;2026;;;te_verifieren;;;;;;;meerjaarlijks;;;financieel-kompas-ai;nee;nee
p.fr.retraite.opbouwpercentage;Pensioenopbouwpercentage Frankrijk;Taux de liquidation de la retraite de base;Taux plein;FR;sociaal;fr.retraite;;premie_werknemersverzekering;;inkomen;overheid_vastgesteld;bepaalt_grondslag;;fractie;2026;;;te_verifieren;;;;;;;zelden;;;financieel-kompas-ai;nee;nee
p.fr.secu.brss_consult_medecin_traitant;Base de remboursement consult huisarts;Base de remboursement, consultation du medecin traitant;Tarif conventionnel secteur 1;FR;verzekering_overheidsgekaderd;fr.secu;;;;verrichting;overheid_vastgesteld;bepaalt_grondslag;;EUR;2026;;;te_verifieren;;;;;;;onregelmatig;;;zorgkompas-frankrijk | cafeclaude;ja;nee
p.fr.secu.brss_kine_per_sessie;Base de remboursement kinesitherapie per sessie;Base de remboursement, seance de kinesitherapie;;FR;verzekering_overheidsgekaderd;fr.secu;;;;verrichting;overheid_vastgesteld;bepaalt_grondslag;;EUR;2025;;;te_verifieren;;;;;;;onregelmatig;;;zorgkompas-frankrijk;nee;nee
p.fr.secu.brss_specialist_apc;Base de remboursement specialist, APC;Base de remboursement, avis ponctuel de consultant;Tarif APC;FR;verzekering_overheidsgekaderd;fr.secu;;;;verrichting;overheid_vastgesteld;bepaalt_grondslag;;EUR;2025;;;te_verifieren;;;;;;;onregelmatig;;;zorgkompas-frankrijk;nee;nee
p.fr.secu.forfait_journalier;Forfait journalier hospitalier;Forfait journalier hospitalier;Art. L174-4 CSS;FR;verzekering_overheidsgekaderd;fr.secu;;;;verrichting;overheid_vastgesteld;verhoogt_last;;EUR/dag;2026;;;te_verifieren;;;;;;;onregelmatig;;;zorgkompas-frankrijk | cafeclaude;ja;nee
p.fr.secu.franchise_medicale;Franchise medicale per medicijn;Franchise medicale par boite de medicaments;Art. L160-13 III CSS;FR;verzekering_overheidsgekaderd;fr.secu;;;;verrichting;overheid_vastgesteld;verhoogt_last;;EUR;2026;;;te_verifieren;;;;;;;onregelmatig;;;cafeclaude | cafeclaude;ja;nee
p.fr.secu.franchise_transport;Franchise medisch transport;Franchise sur le transport sanitaire;Art. L160-13 III CSS;FR;verzekering_overheidsgekaderd;fr.secu;;;;verrichting;overheid_vastgesteld;verhoogt_last;;EUR;2026;;;te_verifieren;;;;;;;onregelmatig;;;cafeclaude;nee;nee
p.fr.secu.participation_forfaitaire;Participation forfaitaire per consult;Participation forfaitaire;Art. L160-13 II CSS;FR;verzekering_overheidsgekaderd;fr.secu;;;;verrichting;overheid_vastgesteld;verhoogt_last;;EUR;2026;;;te_verifieren;;;;;;;onregelmatig;;;cafeclaude | cafeclaude;nee;nee
p.fr.secu.vergoeding_had_en_infirmiere;Vergoeding thuisziekenhuis en verpleging aan huis;Taux de remboursement, HAD et infirmiere liberale;;FR;verzekering_overheidsgekaderd;fr.secu;;;;verrichting;overheid_vastgesteld;verlaagt_last;;procent;2026;;;te_verifieren;;;;;;;onregelmatig;;;cafeclaude;nee;nee
p.fr.secu.vergoeding_kine_en_medicatie;Vergoeding kinesitherapie en medicatie;Taux de remboursement, kinesitherapie et medicaments;;FR;verzekering_overheidsgekaderd;fr.secu;;;;verrichting;overheid_vastgesteld;verlaagt_last;;fractie;2026;;;te_verifieren;;;;;;;onregelmatig;;;zorgkompas-frankrijk;nee;nee
p.fr.secu.vergoeding_zonder_medecin_traitant;Vergoeding buiten het parcours de soins;Taux de remboursement hors parcours de soins;;FR;verzekering_overheidsgekaderd;fr.secu;;;;verrichting;overheid_vastgesteld;verhoogt_last;;fractie;2026;;;te_verifieren;;;;;;;zelden;;;zorgkompas-frankrijk | cafeclaude;nee;nee
p.fr.secu.vergoedingspercentage_standaard;Standaard vergoedingspercentage Securite sociale;Taux de remboursement de droit commun;;FR;verzekering_overheidsgekaderd;fr.secu;;;;verrichting;overheid_vastgesteld;verlaagt_last;;fractie;2026;;;te_verifieren;;;;;;;zelden;;;zorgkompas-frankrijk;nee;nee
p.fr.sociaal.lasten_pensioen;Sociale lasten op Frans pensioen, totaal;Charges sociales sur pension, total;;FR;sociaal;fr.sociaal;;csg_crds_casa;;inkomen;overheid_vastgesteld;verhoogt_last;;fractie;2026;;;te_verifieren;;;;;;;jaarlijks;;;financieel-kompas-ai;nee;nee
p.fr.sociaal.lasten_salaris;Sociale lasten op salaris in Frankrijk;Charges sociales sur salaire;;FR;sociaal;fr.sociaal;;premie_werknemersverzekering;;inkomen;overheid_vastgesteld;verhoogt_last;;fractie;2026;;;te_verifieren;;;;;;;jaarlijks;;;financieel-kompas-ai;nee;nee
p.fr.sociaal.lasten_winst_diensten;Sociale lasten op winst uit diensten;Charges sociales sur prestations de services;Cotisations sociales micro-entrepreneur, prestations de services;FR;sociaal;fr.sociaal;;zelfstandigenbijdrage;;inkomen;overheid_vastgesteld;verhoogt_last;;fractie;2026;;;te_verifieren;;;;;;;onregelmatig;;;financieel-kompas-ai | cafeclaude;nee;nee
p.fr.sociaal.lasten_winst_verhuur;Sociale lasten op winst uit verhuur;Charges sociales sur revenus locatifs meubles;;FR;sociaal;fr.sociaal;;zelfstandigenbijdrage;;inkomen;overheid_vastgesteld;verhoogt_last;;fractie;2026;;;te_verifieren;;;;;;;onregelmatig;;;financieel-kompas-ai;nee;nee
p.fr.sociaal.pass;Plafond annuel de la securite sociale;Plafond annuel de la securite sociale;PASS;FR;sociaal;fr.sociaal;;zelfstandigenbijdrage;;inkomen;overheid_vastgesteld;bepaalt_grondslag;;EUR/jaar;2026;;;te_verifieren;https://www.urssaf.fr;Urssaf, plafond de la securite sociale;nog niet geraadpleegd;Urssaf;;;jaarlijks;;;;nee;ja
p.fr.sociaal.smic;SMIC, wettelijk minimumloon;SMIC horaire et mensuel;Salaire minimum interprofessionnel de croissance;FR;sociaal;fr.sociaal;;zelfstandigenbijdrage;;inkomen;overheid_vastgesteld;bepaalt_grondslag;;EUR;2026;;;te_verifieren;https://www.service-public.fr/particuliers/vosdroits/F2300;service-public.fr, fiche F2300;nog niet geraadpleegd;Ministere du travail;;;jaarlijks;;;;nee;ja
p.fr.succ.abattement_broers_zussen;Vrijstelling en tarief broers en zussen;Abattement et taux, freres et soeurs;Art. 777 en 779 IV CGI;FR;fiscaal;fr.succ;erf_en_schenkbelasting;;abattement;nalatenschap;overheid_vastgesteld;verlaagt_last;;EUR en procent;2026;;;te_verifieren;;;;;;;zelden;;;cafeclaude;nee;nee
p.fr.succ.abattement_handicap;Extra vrijstelling bij handicap;Abattement supplementaire, personne handicapee;Art. 779 II CGI;FR;fiscaal;fr.succ;erf_en_schenkbelasting;;abattement;nalatenschap;overheid_vastgesteld;verlaagt_last;;EUR;2026;;;te_verifieren;https://www.service-public.fr/particuliers/vosdroits/F14198;"service-public.fr; art. 779 II CGI";nog niet geraadpleegd;DGFiP;;;zelden;;;;nee;ja
p.fr.succ.abattement_niet_verwanten;Vrijstelling en tarief niet-verwanten;Abattement et taux, non-parents;Art. 777 en 788 IV CGI;FR;fiscaal;fr.succ;erf_en_schenkbelasting;;abattement;nalatenschap;overheid_vastgesteld;verlaagt_last;;EUR en procent;2026;;;te_verifieren;;;;;;;zelden;;;cafeclaude | erfrecht-en-testament;ja;nee
p.fr.succ.abattement_per_kind;Abattement per kind per ouder;Abattement par enfant et par parent;Art. 779 I CGI;FR;fiscaal;fr.succ;erf_en_schenkbelasting;;abattement;nalatenschap;overheid_vastgesteld;verlaagt_last;100.000 euro per kind per ouder;EUR;2026;;;vastgesteld;https://www.impots.gouv.fr/particulier/questions/je-beneficie-dun-abattement-sur-les-donations-et-successions;"impots.gouv.fr, abattements successions et donations; art. 779 I CGI";secundair: voorlichtingspagina van impots.gouv.fr, het wetsartikel niet zelf gelezen;DGFiP;2025-12-18;erf-en-schenkingsrecht-nl-fr, app.js;zelden;;;erf-en-schenkingsrecht-nl-fr | cafeclaude | erfrecht-en-testament;nee;nee
p.fr.succ.abattement_petit_enfant;Vrijstelling kleinkind;Abattement, petit-enfant;Art. 790 B CGI;FR;fiscaal;fr.succ;erf_en_schenkbelasting;;abattement;nalatenschap;overheid_vastgesteld;verlaagt_last;;EUR;2026;;;te_verifieren;https://www.service-public.fr/particuliers/vosdroits/F14198;"service-public.fr, abattements sur les donations; art. 790 B CGI";nog niet geraadpleegd;DGFiP;;;zelden;;;;nee;ja
p.fr.succ.abattement_stiefkind;Vrijstelling stiefkinderen bij overlijden;Abattement pour les enfants du conjoint;;FR;fiscaal;fr.succ;erf_en_schenkbelasting;;abattement;nalatenschap;overheid_vastgesteld;verlaagt_last;;EUR;2026;;;te_verifieren;;;;;;;onregelmatig;;;erfrecht-en-testament;nee;nee
p.fr.succ.adoption_simple;Barema en abattement bij adoption simple;Bareme et abattement en cas d adoption simple;Art. 786 CGI;FR;fiscaal;fr.succ;erf_en_schenkbelasting;;abattement;nalatenschap;overheid_vastgesteld;verlaagt_last;;procent en EUR;2026;;;te_verifieren;;;;;;;zelden;;;erfrecht-en-testament;nee;nee
p.fr.succ.barema_lijn_directe;Barema successierechten in rechte lijn;Bareme des droits de succession en ligne directe;Art. 777 CGI, tableau I;FR;fiscaal;fr.succ;erf_en_schenkbelasting;;;nalatenschap;overheid_vastgesteld;verhoogt_last;5 procent tot 8.072 euro oplopend tot 45 procent boven 1.805.677 euro;EUR en fractie;2026;;;vastgesteld;https://www.service-public.fr/particuliers/vosdroits/F35794;service-public.fr, fiche F35794;secundair: samenvattende fiche van service-public.fr, art. 777 CGI niet zelf gelezen;DGFiP;2025-07-31;erf-en-schenkingsrecht-nl-fr, app.js;zelden;;;erf-en-schenkingsrecht-nl-fr;nee;nee
p.fr.succ.hernieuwingstermijn;Hernieuwingstermijn van de schenkingsvrijstelling;Delai de rappel fiscal des donations;Art. 784 CGI;FR;fiscaal;fr.succ;erf_en_schenkbelasting;;;nalatenschap;overheid_vastgesteld;bepaalt_toepasselijkheid;;jaren;2026;;;te_verifieren;;;;;;;zelden;;;cafeclaude;nee;nee
p.fr.succ.tarief_stiefkind;Tarief erfbelasting stiefkind;Taux applicable aux enfants du conjoint;;FR;fiscaal;fr.succ;erf_en_schenkbelasting;;;nalatenschap;overheid_vastgesteld;verhoogt_last;;procent;2026;;;te_verifieren;;;;;;;zelden;;;erfrecht-en-testament;nee;nee
p.fr.succ.vrijstelling_echtgenoot;Vrijstelling echtgenoot en PACS-partner;Exoneration du conjoint survivant et du partenaire pacse;Art. 796-0 bis CGI;FR;fiscaal;fr.succ;erf_en_schenkbelasting;;vrijstelling;nalatenschap;overheid_vastgesteld;verlaagt_last;;tekst;2026;;;te_verifieren;https://www.service-public.fr/particuliers/vosdroits/F14198;art. 796-0 bis CGI;nog niet geraadpleegd;DGFiP;;;zelden;;;;nee;ja
p.fr.telecom.max_verbrekingsvergoeding;Maximale verbrekingsvergoeding telecom;Indemnite de resiliation maximale;Art. L224-39 Code de la consommation;FR;overig_transactiekosten;fr.telecom;;;plafond;verrichting;overheid_vastgesteld;verhoogt_last;;procent;2026;;;te_verifieren;;art. L224-39 Code de la consommation;secundair: wetsartikel genoemd in de brieftemplate, de tekst niet als vindplaats vastgelegd;;;;zelden;;;briefhulp-fr;nee;nee
p.fr.telecom.minimale_looptijd_binding;Minimale looptijd voor opzegging met binding;Duree minimale avant resiliation;Art. L224-28 Code de la consommation;FR;overig_transactiekosten;fr.telecom;;;;verrichting;overheid_vastgesteld;bepaalt_toepasselijkheid;;maanden;2026;;;te_verifieren;;;;;;;zelden;;;briefhulp-fr;nee;nee
p.fr.tf.revalorisation_valeurs_locatives;Jaarlijkse herwaardering van de valeur locative;Revalorisation forfaitaire des valeurs locatives;;FR;fiscaal;fr.tf;lokale_belasting;;;vermogen;overheid_vastgesteld;bepaalt_grondslag;;procent;2026;;;te_verifieren;https://www.impots.gouv.fr;DGFiP, coefficient de revalorisation forfaitaire;nog niet geraadpleegd;DGFiP;;;jaarlijks;;;;nee;ja
p.fr.tf.taxe_fonciere;Taxe fonciere;Taxe fonciere sur les proprietes baties;TFPB;FR;fiscaal;fr.tf;lokale_belasting;;;vermogen;overheid_vastgesteld;verhoogt_last;;procent;2026;;;te_verifieren;https://www.service-public.fr/particuliers/vosdroits/F59;service-public.fr, taxe fonciere sur les proprietes baties;nog niet geraadpleegd;DGFiP en gemeenten;;;jaarlijks;;;;nee;ja
p.fr.th.taxe_habitation_residence_secondaire;Taxe d habitation op een tweede woning;Taxe d habitation sur les residences secondaires;THRS;FR;fiscaal;fr.th;lokale_belasting;;;vermogen;overheid_vastgesteld;verhoogt_last;;procent;2026;;;te_verifieren;https://www.service-public.fr/particuliers/vosdroits/F42;service-public.fr, taxe d habitation sur les residences secondaires;nog niet geraadpleegd;DGFiP en gemeenten;;;jaarlijks;;;;nee;ja
p.fr.tva.tarief_algemeen;Btw-tarief Frankrijk, algemeen;Taux normal de TVA;Taux normal, art. 278 CGI;FR;fiscaal;fr.tva;omzetbelasting;;;omzet;overheid_vastgesteld;verhoogt_last;;procent;2026;;;te_verifieren;;;;;;;zelden;2014-01-01;;Vastgoedtransactie;nee;nee
p.fr.tva.tarief_renovatie;Btw-tarief energetische renovatiewerken;Taux de TVA sur les travaux de renovation energetique;Art. 278-0 bis A CGI;FR;fiscaal;fr.tva;omzetbelasting;;;omzet;overheid_vastgesteld;verhoogt_last;;procent;2026;2025-03-01;;te_verifieren;;;;;;;onregelmatig;;;energiebesparing-subsidie-en-fiscale-regelingen | nlfr-ai-agent;nee;nee
p.fr.tva.tarif_intermediaire;Btw-tarief, tussentarief;Taux intermediaire de TVA;Art. 279 CGI;FR;fiscaal;fr.tva;omzetbelasting;;;omzet;overheid_vastgesteld;verhoogt_last;;procent;2026;;;te_verifieren;https://www.impots.gouv.fr;"impots.gouv.fr, taux de TVA; art. 279 CGI";nog niet geraadpleegd;DGFiP;;;zelden;;;;nee;ja
p.fr.urssaf.drempel_chambres_hotes;Urssaf-drempel chambres d hotes;Seuil Urssaf, chambres d hotes;Seuil d affiliation, 13 procent du PASS;FR;sociaal;fr.urssaf;;zelfstandigenbijdrage;drempel;omzet;afgeleid;bepaalt_toepasselijkheid;;EUR;2025;;;te_verifieren;;;;;;;jaarlijks;;;cafeclaude;nee;nee
p.fr.urssaf.drempel_meuble_tourisme;Urssaf-drempel verhuur meuble de tourisme;Seuil Urssaf, meuble de tourisme;Seuil d affiliation, recettes brutes;FR;sociaal;fr.urssaf;;zelfstandigenbijdrage;drempel;omzet;overheid_vastgesteld;bepaalt_toepasselijkheid;;EUR;2026;;;te_verifieren;;;;;;;jaarlijks;;;cafeclaude;nee;nee
p.fr.vastgoed.houdbaarheidstermijn_tarieven;Eigen houdbaarheidstermijn van de tarieven in de tool;Duree de validite interne des taux;;FR;overig_transactiekosten;fr.vastgoed;;;;akte;afgeleid;informatief;;maanden;2026;;;te_verifieren;;;;;;;onbekend;;;Vastgoedtransactie;nee;nee
p.fr.vefa.tpf_tarief;Taxe de publicite fonciere bij VEFA;Taxe de publicite fonciere en VEFA;Art. 1594 F quinquies CGI;FR;fiscaal;fr.vefa;overdrachtsbelasting;;;koopsom;overheid_vastgesteld;verhoogt_last;0,715 procent, 0,70 procent basis maal 2,14 procent frais d assiette;procent;2026;2026-07-01;;vastgesteld;https://www.legifrance.gouv.fr/codes/article_lc/LEGIARTI000054373998;art. 1594 F quinquies CGI en art. 1647 V-b CGI, vigerende versie sinds 1 juli 2026, gewijzigd bij decreet 2026-562 van 29 juni 2026;primair;DGFiP;2026-08-12;Vastgoedtransactie, bronnen.json;meerjaarlijks;;;Vastgoedtransactie;nee;nee
p.fr.zorg.beschermingsmaatregel_kosten;Rechterlijke beschermingsmaatregel, doorlooptijd en kosten;Mesure de protection judiciaire, delai et cout;;FR;overig_transactiekosten;fr.zorg;;;;verrichting;indicatief;verhoogt_last;;maanden en EUR;2026;;;te_verifieren;;;;;;;onbekend;;;cafeclaude;nee;nee
p.fr.zorg.mandat_protection_future_kosten;Mandat de protection future, kosten;Mandat de protection future, cout;;FR;overig_transactiekosten;fr.zorg;;;;verrichting;indicatief;verhoogt_last;;EUR;2026;;;te_verifieren;;;;;;;onbekend;;;cafeclaude;nee;nee
p.fr.zorg.teleassistentie_maandprijs;Teleassistentie, maandprijs;Teleassistance, prix mensuel;;FR;overig_transactiekosten;fr.zorg;;;;verrichting;indicatief;verhoogt_last;;EUR/maand;2026;;;te_verifieren;;;;;;;onbekend;;;cafeclaude;nee;nee
p.nl.aow.bruto_alleenstaand;AOW bruto per jaar, alleenstaand;Pension AOW brute annuelle, personne seule;AOW-bedrag alleenstaande, bruto per jaar;NL;sociaal;nl.aow;;premie_volksverzekering;;inkomen;overheid_vastgesteld;bepaalt_grondslag;;EUR/jaar;2026;;;te_verifieren;;;;;;;halfjaarlijks;;;financieel-kompas-ai;nee;nee
p.nl.aow.bruto_partner;AOW bruto per jaar, per partner;Pension AOW brute annuelle, par partenaire;AOW-bedrag gehuwd of samenwonend, per persoon, bruto per jaar;NL;sociaal;nl.aow;;premie_volksverzekering;;inkomen;overheid_vastgesteld;bepaalt_grondslag;;EUR/jaar;2026;;;te_verifieren;;;;;;;halfjaarlijks;;;financieel-kompas-ai;nee;nee
p.nl.box2.tarieven;Tarieven box 2;Taux box 2;Aanmerkelijk belang, tarieven en schijf;NL;fiscaal;nl.box2;inkomstenbelasting;;;inkomen;overheid_vastgesteld;verhoogt_last;;EUR en fractie;2026;;;te_verifieren;https://www.belastingdienst.nl;Belastingdienst, box 2;nog niet geraadpleegd;Belastingdienst;;;jaarlijks;;;;nee;ja
p.nl.box3.heffingsvrij_alleenstaand;Heffingsvrij vermogen box 3, alleenstaand;Patrimoine exonere box 3, personne seule;Heffingsvrij vermogen;NL;fiscaal;nl.box3;vermogensbelasting;;vrijstelling;vermogen;overheid_vastgesteld;verlaagt_last;;EUR;2026;;;te_verifieren;;;;;;;jaarlijks;;;financieel-kompas-ai;nee;nee
p.nl.box3.heffingsvrij_partners;Heffingsvrij vermogen box 3, partners;Patrimoine exonere box 3, couple;Heffingsvrij vermogen fiscale partners;NL;fiscaal;nl.box3;vermogensbelasting;;vrijstelling;vermogen;overheid_vastgesteld;verlaagt_last;;EUR;2026;;;te_verifieren;;;;;;;jaarlijks;;;financieel-kompas-ai;nee;nee
p.nl.box3.rendement_beleggingen;Forfaitair rendement beleggingen;Rendement forfaitaire sur les placements;Forfaitair rendementspercentage overige bezittingen;NL;fiscaal;nl.box3;vermogensbelasting;;;vermogen;overheid_vastgesteld;bepaalt_grondslag;;fractie;2026;;;te_verifieren;;;;;;;jaarlijks;;;financieel-kompas-ai;nee;nee
p.nl.box3.rendement_schulden;Forfaitair rendement schulden;Rendement forfaitaire sur les dettes;Forfaitair rendementspercentage schulden;NL;fiscaal;nl.box3;vermogensbelasting;;;vermogen;overheid_vastgesteld;verlaagt_last;;fractie;2026;;;te_verifieren;;;;;;;jaarlijks;;;financieel-kompas-ai;nee;nee
p.nl.box3.rendement_spaargeld;Forfaitair rendement spaargeld;Rendement forfaitaire sur l epargne;Forfaitair rendementspercentage banktegoeden;NL;fiscaal;nl.box3;vermogensbelasting;;;vermogen;overheid_vastgesteld;bepaalt_grondslag;;fractie;2026;;;te_verifieren;;;;;;;jaarlijks;;;financieel-kompas-ai;nee;nee
p.nl.box3.tarief;Tarief box 3;Taux box 3;Tarief inkomstenbelasting box 3;NL;fiscaal;nl.box3;vermogensbelasting;;;vermogen;overheid_vastgesteld;verhoogt_last;;fractie;2026;;;te_verifieren;;;;;;;jaarlijks;;;financieel-kompas-ai;nee;nee
p.nl.btw.tarieven;Btw-tarieven Nederland;Taux de TVA, Pays-Bas;Algemeen en verlaagd btw-tarief;NL;fiscaal;nl.btw;omzetbelasting;;;omzet;overheid_vastgesteld;verhoogt_last;;procent;2026;;;te_verifieren;https://www.belastingdienst.nl;Belastingdienst, btw-tarieven;nog niet geraadpleegd;Belastingdienst;;;zelden;;;;nee;ja
p.nl.erf.tarieven;Tarieven erfbelasting;Taux des droits de succession;Tarieven erfbelasting per groep;NL;fiscaal;nl.erf;erf_en_schenkbelasting;;;nalatenschap;overheid_vastgesteld;verhoogt_last;;EUR en fractie;2026;;;te_verifieren;https://www.belastingdienst.nl;Belastingdienst, tarieven erfbelasting;nog niet geraadpleegd;Belastingdienst;;;jaarlijks;;;;nee;ja
p.nl.erf.vrijstelling_kind;Vrijstelling erfbelasting kind;Abattement, enfant;Kindvrijstelling erfbelasting;NL;fiscaal;nl.erf;erf_en_schenkbelasting;;vrijstelling;nalatenschap;overheid_vastgesteld;verlaagt_last;;EUR;2026;;;te_verifieren;https://www.belastingdienst.nl;Belastingdienst, vrijstellingen erfbelasting;nog niet geraadpleegd;Belastingdienst;;;jaarlijks;;;;nee;ja
p.nl.erf.vrijstelling_partner;Vrijstelling erfbelasting partner;Abattement sur les droits de succession, partenaire;Partnervrijstelling erfbelasting;NL;fiscaal;nl.erf;erf_en_schenkbelasting;;vrijstelling;nalatenschap;overheid_vastgesteld;verlaagt_last;;EUR;2026;;;te_verifieren;https://www.belastingdienst.nl;Belastingdienst, vrijstellingen erfbelasting;nog niet geraadpleegd;Belastingdienst;;;jaarlijks;;;;nee;ja
p.nl.ib.aftrektarief_hypotheekrente;Maximaal aftrektarief hypotheekrente;Taux maximal de deduction des interets;Tariefaanpassing aftrekposten;NL;fiscaal;nl.ib;inkomstenbelasting;;;inkomen;overheid_vastgesteld;verlaagt_last;;fractie;2026;;;te_verifieren;https://www.belastingdienst.nl;Belastingdienst, tariefsaanpassing aftrekposten;nog niet geraadpleegd;Belastingdienst;;;jaarlijks;;;;nee;ja
p.nl.ib.ak_afbouw_factor;Afbouwfactor arbeidskorting;Taux de degressivite du credit d impot sur le travail;Afbouwpercentage arbeidskorting;NL;fiscaal;nl.ib;inkomstenbelasting;;;inkomen;overheid_vastgesteld;verhoogt_last;;fractie;2026;;;te_verifieren;;;;;;;jaarlijks;;;financieel-kompas-ai;nee;nee
p.nl.ib.ak_afbouw_start;Startpunt afbouw arbeidskorting;Debut de la degressivite du credit d impot sur le travail;Afbouwgrens arbeidskorting;NL;fiscaal;nl.ib;inkomstenbelasting;;drempel;inkomen;overheid_vastgesteld;bepaalt_grondslag;;EUR;2026;;;te_verifieren;;;;;;;jaarlijks;;;financieel-kompas-ai;nee;nee
p.nl.ib.algemene_heffingskorting_max;Algemene heffingskorting, maximum;Credit d impot general, maximum;Algemene heffingskorting;NL;fiscaal;nl.ib;inkomstenbelasting;;heffingskorting;inkomen;overheid_vastgesteld;verlaagt_last;;EUR;2026;;;te_verifieren;;;;;;;jaarlijks;;;financieel-kompas-ai;nee;nee
p.nl.ib.alleenstaande_ouderenkorting;Alleenstaande ouderenkorting;Credit d impot, personne agee seule;Alleenstaande ouderenkorting;NL;fiscaal;nl.ib;inkomstenbelasting;;heffingskorting;inkomen;overheid_vastgesteld;verlaagt_last;;EUR;2026;;;te_verifieren;https://www.belastingdienst.nl;Belastingdienst, heffingskortingen;nog niet geraadpleegd;Belastingdienst;;;jaarlijks;;;;nee;ja
p.nl.ib.aow_leeftijd;AOW-leeftijd;Age de la retraite AOW;AOW-leeftijd per geboortejaar;NL;fiscaal;nl.ib;inkomstenbelasting;;;inkomen;overheid_vastgesteld;bepaalt_toepasselijkheid;;jaren en maanden;2026;;;te_verifieren;https://www.svb.nl/nl/aow/aow-leeftijd;SVB, AOW-leeftijd per geboortejaar;nog niet geraadpleegd;SVB;;;jaarlijks;;;;nee;ja
p.nl.ib.arbeidskorting_max;Arbeidskorting, maximum;Credit d impot sur le travail, maximum;Arbeidskorting;NL;fiscaal;nl.ib;inkomstenbelasting;;heffingskorting;inkomen;overheid_vastgesteld;verlaagt_last;;EUR;2026;;;te_verifieren;;;;;;;jaarlijks;;;financieel-kompas-ai;nee;nee
p.nl.ib.eigenwoningforfait;Eigenwoningforfait;Valeur locative forfaitaire du logement;Eigenwoningforfait;NL;fiscaal;nl.ib;inkomstenbelasting;;;inkomen;overheid_vastgesteld;verhoogt_last;;fractie;2026;;;te_verifieren;https://www.belastingdienst.nl;Belastingdienst, eigenwoningforfait;nog niet geraadpleegd;Belastingdienst;;;jaarlijks;;;;nee;ja
p.nl.ib.grens_schijf_1;Grens eerste schijf box 1;Limite de la premiere tranche box 1;Einde eerste schijf box 1;NL;fiscaal;nl.ib;inkomstenbelasting;;drempel;inkomen;overheid_vastgesteld;bepaalt_grondslag;;EUR;2026;;;te_verifieren;;;;;;;jaarlijks;;;financieel-kompas-ai;nee;nee
p.nl.ib.grens_schijf_2;Grens tweede schijf box 1;Limite de la deuxieme tranche box 1;Einde tweede schijf box 1;NL;fiscaal;nl.ib;inkomstenbelasting;;drempel;inkomen;overheid_vastgesteld;bepaalt_grondslag;;EUR;2026;;;te_verifieren;;;;;;;jaarlijks;;;financieel-kompas-ai;nee;nee
p.nl.ib.hk_afbouw_factor;Afbouwfactor algemene heffingskorting;Taux de degressivite du credit d impot general;Afbouwpercentage algemene heffingskorting;NL;fiscaal;nl.ib;inkomstenbelasting;;;inkomen;overheid_vastgesteld;verhoogt_last;;fractie;2026;;;te_verifieren;;;;;;;jaarlijks;;;financieel-kompas-ai;nee;nee
p.nl.ib.hk_afbouw_start;Startpunt afbouw algemene heffingskorting;Debut de la degressivite du credit d impot general;Afbouwgrens algemene heffingskorting;NL;fiscaal;nl.ib;inkomstenbelasting;;drempel;inkomen;overheid_vastgesteld;bepaalt_grondslag;;EUR;2026;;;te_verifieren;;;;;;;jaarlijks;;;financieel-kompas-ai;nee;nee
p.nl.ib.mkb_winstvrijstelling;MKB-winstvrijstelling;Exoneration des benefices PME;MKB-winstvrijstelling;NL;fiscaal;nl.ib;inkomstenbelasting;;vrijstelling;inkomen;overheid_vastgesteld;verlaagt_last;;fractie;2026;;;te_verifieren;;;;;;;jaarlijks;;;financieel-kompas-ai;nee;nee
p.nl.ib.ouderenkorting;Ouderenkorting;Credit d impot pour personnes agees;Ouderenkorting;NL;fiscaal;nl.ib;inkomstenbelasting;;heffingskorting;inkomen;overheid_vastgesteld;verlaagt_last;;EUR;2026;;;te_verifieren;https://www.belastingdienst.nl;Belastingdienst, heffingskortingen;nog niet geraadpleegd;Belastingdienst;;;jaarlijks;;;;nee;ja
p.nl.ib.premie_volksverzekeringen;Premiepercentages volksverzekeringen;Taux des assurances nationales;AOW-, Anw- en Wlz-premie;NL;fiscaal;nl.ib;inkomstenbelasting;premie_volksverzekering;;inkomen;overheid_vastgesteld;verhoogt_last;;fractie;2026;;;te_verifieren;https://www.belastingdienst.nl;Belastingdienst, premiepercentages volksverzekeringen;nog niet geraadpleegd;Belastingdienst;;;jaarlijks;;;;nee;ja
p.nl.ib.tarieven_boven_aow;Tarieven box 1 boven de AOW-leeftijd;Taux box 1 apres l age AOW;Gecombineerd tarief zonder AOW-premie;NL;fiscaal;nl.ib;inkomstenbelasting;;;inkomen;overheid_vastgesteld;verhoogt_last;;fractie;2026;;;te_verifieren;;;;;;;jaarlijks;;;financieel-kompas-ai;nee;nee
p.nl.ib.tarieven_onder_aow;Tarieven box 1 onder de AOW-leeftijd;Taux box 1 avant l age AOW;Gecombineerd tarief inkomstenbelasting en premie volksverzekeringen;NL;fiscaal;nl.ib;inkomstenbelasting;;;inkomen;overheid_vastgesteld;verhoogt_last;;fractie;2026;;;te_verifieren;;;;;;;jaarlijks;;;financieel-kompas-ai;nee;nee
p.nl.leges.paspoort_verlengen_buitenland;Nederlands paspoort verlengen in Frankrijk;Renouvellement du passeport neerlandais en France;Consulaire leges paspoort;NL;overig_transactiekosten;nl.leges;;;;verrichting;overheid_vastgesteld;verhoogt_last;;EUR;2025;;;te_verifieren;;;;;;;jaarlijks;;;cafeclaude;nee;nee
p.nl.ovb.tarieven;Tarieven overdrachtsbelasting;Taux des droits de mutation, Pays-Bas;Overdrachtsbelasting woning en overig;NL;fiscaal;nl.ovb;overdrachtsbelasting;;;koopsom;overheid_vastgesteld;verhoogt_last;;fractie;2026;;;te_verifieren;https://www.belastingdienst.nl;Belastingdienst, overdrachtsbelasting;nog niet geraadpleegd;Belastingdienst;;;jaarlijks;;;;nee;ja
p.nl.schenk.vrijstelling_jaarlijks_kind;Jaarlijkse schenkingsvrijstelling kind;Abattement annuel sur les donations, enfant;Jaarlijkse vrijstelling schenkbelasting;NL;fiscaal;nl.schenk;erf_en_schenkbelasting;;vrijstelling;schenking;overheid_vastgesteld;verlaagt_last;;EUR;2026;;;te_verifieren;https://www.belastingdienst.nl;Belastingdienst, vrijstellingen schenkbelasting;nog niet geraadpleegd;Belastingdienst;;;jaarlijks;;;;nee;ja
p.nl.wlz.max_bijdrage_inkomen;Maximumbijdrage-inkomen Wlz;Revenu maximal soumis a la cotisation Wlz;Maximum bijdrage-inkomen Wlz;NL;sociaal;nl.wlz;;premie_volksverzekering;plafond;inkomen;overheid_vastgesteld;verlaagt_last;38.883 euro per jaar;EUR/jaar;2026;2026-01-01;;vastgesteld;https://www.hetcak.nl/zorgverzekering-buitenland/pensioen-uitkering/financiele-informatie/woonlandfactor-zvw-wlz-bijdragen/;Het CAK, pagina Woonlandfactor, Zvw- en Wlz-bijdragen;secundair: pagina van het CAK, de onderliggende regeling niet zelf gelezen;Het CAK;2026-09-15;financieel-kompas-ai, config.json;jaarlijks;;;financieel-kompas-ai;nee;nee
p.nl.wlz.max_bijdrage_inkomen_voor_1946;Maximumbijdrage-inkomen Wlz, geboortejaar 1945 of eerder;Revenu maximal Wlz, nes en 1945 ou avant;Maximum bijdrage-inkomen Wlz voor geboortejaren tot en met 1945;NL;sociaal;nl.wlz;;premie_volksverzekering;plafond;inkomen;overheid_vastgesteld;verlaagt_last;41.123 euro per jaar;EUR/jaar;2026;2026-01-01;;vastgesteld;https://www.hetcak.nl/zorgverzekering-buitenland/pensioen-uitkering/financiele-informatie/woonlandfactor-zvw-wlz-bijdragen/;Het CAK, pagina Woonlandfactor, Zvw- en Wlz-bijdragen;secundair: pagina van het CAK, de onderliggende regeling niet zelf gelezen;Het CAK;2026-09-15;financieel-kompas-ai, config.json;jaarlijks;;;financieel-kompas-ai;nee;nee
p.nl.wlz.percentage;Wlz-premiepercentage;Taux de cotisation Wlz;Premiepercentage Wet langdurige zorg;NL;sociaal;nl.wlz;;premie_volksverzekering;;inkomen;overheid_vastgesteld;verhoogt_last;9,65 procent;fractie;2026;2026-01-01;;vastgesteld;https://www.hetcak.nl/zorgverzekering-buitenland/pensioen-uitkering/financiele-informatie/woonlandfactor-zvw-wlz-bijdragen/;Het CAK, pagina Woonlandfactor, Zvw- en Wlz-bijdragen;secundair: pagina van het CAK, de onderliggende regeling niet zelf gelezen;Het CAK;2026-09-15;financieel-kompas-ai, config.json;jaarlijks;;;financieel-kompas-ai;nee;nee
p.nl.zorg.eigen_risico;Verplicht eigen risico Zvw;Franchise obligatoire de l assurance maladie;Verplicht eigen risico;NL;verzekering_overheidsgekaderd;nl.zorg;;;;polis;overheid_vastgesteld;verhoogt_last;;EUR/jaar;2026;;;te_verifieren;https://www.rijksoverheid.nl;Rijksoverheid, eigen risico zorgverzekering;nog niet geraadpleegd;Ministerie van VWS;;;jaarlijks;;;;nee;ja
p.nl.zorg.nominale_premie;Nominale zorgpremie per volwassene per jaar;Prime nominale d assurance maladie par adulte et par an;Standaardpremie Wet op de zorgtoeslag;NL;verzekering_overheidsgekaderd;nl.zorg;;;;polis;overheid_vastgesteld;verhoogt_last;2.119 euro per jaar;EUR/jaar;2026;2026-01-01;;vastgesteld;;Regeling vaststelling standaardpremie en bestuursrechtelijke premies 2026, Ministerie van VWS, in werking per 1 januari 2026;primair;Ministerie van VWS;2026-09-15;financieel-kompas-ai, config.json;jaarlijks;;;financieel-kompas-ai;nee;nee
p.nl.zorg.nominale_premie_raming;Nominale zorgpremie, raming ontwerpbegroting;Prime nominale, estimation du projet de budget;Geraamde nominale premie, ontwerpbegroting VWS;NL;verzekering_overheidsgekaderd;nl.zorg;;;;polis;overheid_vastgesteld;informatief;2.143 euro per jaar, raming;EUR/jaar;2026;;;raming;;Ontwerpbegroting VWS, september 2025;secundair: raming in een begrotingsstuk, geen vastgestelde regeling;Ministerie van VWS;2026-09-15;financieel-kompas-ai, config.json;jaarlijks;;;;nee;ja
p.nl.zorgtoeslag.afbouwpercentage;Afbouwpercentage zorgtoeslag;Taux de degressivite de l allocation sante;Afbouwpercentage boven het drempelinkomen;NL;fiscaal;nl.zorgtoeslag;;;;inkomen;overheid_vastgesteld;verhoogt_last;13,73 procent;fractie;2026;2026-01-01;;vastgesteld;;Besluit percentages drempel- en toetsingsinkomen zorgtoeslag, geldend per 1 januari 2026;primair;Ministerie van VWS;2026-09-15;financieel-kompas-ai, config.json;jaarlijks;;;financieel-kompas-ai;nee;nee
p.nl.zorgtoeslag.drempelinkomen;Drempelinkomen zorgtoeslag;Revenu de seuil pour l allocation sante;Drempelinkomen zorgtoeslag;NL;fiscaal;nl.zorgtoeslag;;;drempel;inkomen;overheid_vastgesteld;bepaalt_grondslag;29.736 euro per jaar;EUR/jaar;2026;2026-01-01;;vastgesteld;;Besluit percentages drempel- en toetsingsinkomen zorgtoeslag, geldend per 1 januari 2026;primair;Ministerie van VWS en Belastingdienst Toeslagen;2026-09-15;financieel-kompas-ai, config.json;jaarlijks;;;financieel-kompas-ai;nee;nee
p.nl.zorgtoeslag.normpercentage_met_partner;Normpercentage zorgtoeslag met partner;Taux normatif avec partenaire;Normpercentage drempelinkomen, met toeslagpartner;NL;fiscaal;nl.zorgtoeslag;;;;inkomen;overheid_vastgesteld;verlaagt_last;4,289 procent;fractie;2026;2026-01-01;;vastgesteld;;Besluit percentages drempel- en toetsingsinkomen zorgtoeslag, geldend per 1 januari 2026;primair;Ministerie van VWS;2026-09-15;financieel-kompas-ai, config.json;jaarlijks;;;financieel-kompas-ai;nee;nee
p.nl.zorgtoeslag.normpercentage_zonder_partner;Normpercentage zorgtoeslag zonder partner;Taux normatif sans partenaire;Normpercentage drempelinkomen, alleenstaande;NL;fiscaal;nl.zorgtoeslag;;;;inkomen;overheid_vastgesteld;verlaagt_last;1,912 procent;fractie;2026;2026-01-01;;vastgesteld;;Besluit percentages drempel- en toetsingsinkomen zorgtoeslag, geldend per 1 januari 2026;primair;Ministerie van VWS;2026-09-15;financieel-kompas-ai, config.json;jaarlijks;;;financieel-kompas-ai;nee;nee
p.nl.zorgtoeslag.vermogensgrens_met_partner;Vermogensgrens zorgtoeslag met partner;Plafond de patrimoine avec partenaire;Maximaal vermogen zorgtoeslag, met toeslagpartner;NL;fiscaal;nl.zorgtoeslag;;;plafond;inkomen;overheid_vastgesteld;bepaalt_toepasselijkheid;184.633 euro;EUR;2026;2026-01-01;;vastgesteld;;Belastingdienst, Maximaal vermogen zorgtoeslag per jaar;secundair: overzichtspagina van de Belastingdienst, de onderliggende regeling niet zelf gelezen;Belastingdienst Toeslagen;2026-09-15;financieel-kompas-ai, config.json;jaarlijks;;;financieel-kompas-ai;nee;nee
p.nl.zorgtoeslag.vermogensgrens_zonder_partner;Vermogensgrens zorgtoeslag zonder partner;Plafond de patrimoine sans partenaire;Maximaal vermogen zorgtoeslag, alleenstaande;NL;fiscaal;nl.zorgtoeslag;;;plafond;inkomen;overheid_vastgesteld;bepaalt_toepasselijkheid;146.011 euro;EUR;2026;2026-01-01;;vastgesteld;;Belastingdienst, Maximaal vermogen zorgtoeslag per jaar;secundair: overzichtspagina van de Belastingdienst, de onderliggende regeling niet zelf gelezen;Belastingdienst Toeslagen;2026-09-15;financieel-kompas-ai, config.json;jaarlijks;;;financieel-kompas-ai;nee;nee
p.nl.zvw.max_bijdrage_inkomen;Maximumbijdrage-inkomen Zvw;Revenu maximal soumis a la cotisation Zvw;Maximum bijdrage-inkomen Zvw;NL;sociaal;nl.zvw;;zorgbijdrage;plafond;inkomen;overheid_vastgesteld;verlaagt_last;79.409 euro per jaar;EUR/jaar;2026;2026-01-01;;vastgesteld;;Regeling van 3 november 2025, kenmerk 4240020-1089850-Z, Ministerie van VWS, Staatscourant 2025, 38055;primair;Ministerie van VWS en Belastingdienst;2026-09-15;financieel-kompas-ai, config.json;jaarlijks;;;financieel-kompas-ai | financieel-kompas-ai;nee;nee
p.nl.zvw.percentage_hoog;Zvw-bijdrage, hoge percentage;Cotisation Zvw, taux employeur;Hoge percentage inkomensafhankelijke bijdrage Zvw;NL;sociaal;nl.zvw;;zorgbijdrage;;inkomen;overheid_vastgesteld;verhoogt_last;;fractie;2026;;;te_verifieren;https://www.belastingdienst.nl;Belastingdienst, percentages inkomensafhankelijke bijdrage Zvw;nog niet geraadpleegd;Belastingdienst;;;jaarlijks;;;;nee;ja
p.nl.zvw.percentage_laag;Zvw inkomensafhankelijke bijdrage, lage percentage;Cotisation Zvw dependante du revenu, taux reduit;Lage percentage inkomensafhankelijke bijdrage Zvw;NL;sociaal;nl.zvw;;zorgbijdrage;;inkomen;overheid_vastgesteld;verhoogt_last;4,85 procent;fractie;2026;2026-01-01;;vastgesteld;;Regeling van 3 november 2025, kenmerk 4240020-1089850-Z, Ministerie van VWS, Staatscourant 2025, 38055;primair;Ministerie van VWS en Belastingdienst;2026-09-15;financieel-kompas-ai, config.json;jaarlijks;;;financieel-kompas-ai | financieel-kompas-ai;nee;nee
p.xb.cak.bijdrage_gemiddeld_oud;CAK-bijdrage, oude forfaitaire benadering;Cotisation CAK, ancienne approche forfaitaire;;XB;sociaal;xb.cak;;verdragsbijdrage;;inkomen;indicatief;verhoogt_last;;EUR/jaar;2025;;2025-12-31;vervallen;;;;;;;onregelmatig;;2025-12-31;;nee;ja
p.xb.cak.nominale_zvw_bijdrage_jaar;Nominale Zvw-bijdrage verdragsgerechtigden per jaar;Cotisation Zvw nominale annuelle, beneficiaires conventionnes;Nominale Zvw-bijdrage, voor toepassing van de woonlandfactor;XB;sociaal;xb.cak;;verdragsbijdrage;;inkomen;overheid_vastgesteld;verhoogt_last;1.884 euro per jaar, 157,00 euro per maand;EUR/jaar;2026;2026-01-01;;vastgesteld;https://www.hetcak.nl/zorgverzekering-buitenland/pensioen-uitkering/financiele-informatie/woonlandfactor-zvw-wlz-bijdragen/;Het CAK, pagina Woonlandfactor, Zvw- en Wlz-bijdragen;secundair: publicatiepagina van het CAK, de onderliggende ministeriele regeling niet zelf gelezen;Het CAK;2026-09-15;financieel-kompas-ai, config.json;jaarlijks;;;financieel-kompas-ai | cafeclaude;nee;nee
p.xb.cak.rekenwijze_verdragsbijdrage;Rekenwijze van de CAK-verdragsbijdrage;Methode de calcul de la cotisation conventionnelle;;XB;sociaal;xb.cak;;verdragsbijdrage;;inkomen;overheid_vastgesteld;bepaalt_grondslag;;tekst;2026;;;te_verifieren;https://www.hetcak.nl/zorgverzekering-buitenland/pensioen-uitkering/financiele-informatie/woonlandfactor-zvw-wlz-bijdragen/;Het CAK, berekening van de verdragsbijdrage;nog niet geraadpleegd;Het CAK;;;jaarlijks;;;;nee;ja
p.xb.cak.woonlandfactor_fr;Woonlandfactor Frankrijk;Coefficient pays de residence, France;Woonlandfactor Frankrijk, Zvw- en Wlz-bijdrage verdragsgerechtigden;XB;sociaal;xb.cak;;verdragsbijdrage;;inkomen;overheid_vastgesteld;verlaagt_last;0,8304;factor;2026;2026-01-01;;vastgesteld;https://www.hetcak.nl/zorgverzekering-buitenland/pensioen-uitkering/financiele-informatie/woonlandfactor-zvw-wlz-bijdragen/;Het CAK, pagina Woonlandfactor, Zvw- en Wlz-bijdragen, bron bijgewerkt 29 december 2025;secundair: publicatiepagina van het CAK, de onderliggende ministeriele regeling niet zelf gelezen;Het CAK;2026-09-15;financieel-kompas-ai, config.json;jaarlijks;;;financieel-kompas-ai | cafeclaude;nee;nee
p.xb.deruyter.csg_crds_geschrapt;CSG en CRDS die bij De Ruyter vervallen;CSG et CRDS ecartees dans la situation De Ruyter;CSG 9,2 procent en CRDS 0,5 procent;XB;sociaal;xb.deruyter;;prelevement_social;;meerwaarde;overheid_vastgesteld;verlaagt_last;;fractie;2026;;;te_verifieren;;;;;;;zelden;;;briefhulp-fr | cafeclaude;nee;nee
p.xb.deruyter.prelevement_solidarite;Prelevement de solidarite bij De Ruyter;Prelevement de solidarite, situation De Ruyter;Prelevement de solidarite;XB;sociaal;xb.deruyter;;prelevement_social;;meerwaarde;overheid_vastgesteld;verhoogt_last;7,5 procent;fractie;2026;;;vastgesteld;;"BOFiP, BOI-RFPI-PVINR-20-20; art. 235 ter CGI; art. 26 LFSS 2019; HvJ-EU C-623/13 (De Ruyter) en C-372/18 (Dreyer)";primair;DGFiP;2026-08-12;Vastgoedtransactie, bronnen.json;zelden;2019-01-01;;financieel-kompas-ai | Vastgoedtransactie | cafeclaude | briefhulp-fr;nee;nee
p.xb.ehic.geldigheidsduur;Europese ziekteverzekeringskaart, geldigheidsduur;Carte europeenne d assurance maladie, duree;;XB;verzekering_overheidsgekaderd;xb.ehic;;;;polis;overheid_vastgesteld;bepaalt_toepasselijkheid;;jaren;2026;;;te_verifieren;https://www.hetcak.nl;Het CAK, Europese zorgpas;nog niet geraadpleegd;Het CAK;;;zelden;;;;nee;ja
p.xb.s1.recht_en_geldigheid;S1, recht en geldigheidsduur;Formulaire S1, droit et duree de validite;Art. 24 en 25 Vo. 883/2004;XB;verzekering_overheidsgekaderd;xb.s1;;;;polis;overheid_vastgesteld;bepaalt_toepasselijkheid;;tekst;2026;;;te_verifieren;https://www.hetcak.nl;"Het CAK, verdragsgerechtigden en formulier S1; art. 24 en 25 Vo. 883/2004";nog niet geraadpleegd;Het CAK en CPAM;;;zelden;;;;nee;ja
p.xb.verdrag.artikel_dividend;Bronheffing op dividend onder het verdrag;Retenue a la source sur les dividendes;Art. 10 verdrag NL-FR 1973;XB;fiscaal;xb.verdrag;inkomstenbelasting;;;inkomen;overheid_vastgesteld;verhoogt_last;;procent;2026;;;te_verifieren;https://wetten.overheid.nl/BWBV0003649;Verdrag NL-FR 1973, art. 10;nog niet geraadpleegd;Ministerie van Financien;;;zelden;;;;nee;ja
p.xb.verdrag.artikel_onroerend;Verdragstoewijzing inkomsten uit onroerend goed;Attribution des revenus immobiliers;Art. 6 verdrag NL-FR 1973;XB;fiscaal;xb.verdrag;inkomstenbelasting;;;inkomen;overheid_vastgesteld;bepaalt_toepasselijkheid;;tekst;2026;;;te_verifieren;https://wetten.overheid.nl/BWBV0003649;Verdrag NL-FR 1973, art. 6;nog niet geraadpleegd;Ministerie van Financien;;;zelden;;;;nee;ja
p.xb.verdrag.artikel_pensioen;Verdragstoewijzing pensioen en lijfrente;Attribution conventionnelle des pensions;Art. 18 en 19 verdrag NL-FR 1973;XB;fiscaal;xb.verdrag;inkomstenbelasting;;;inkomen;overheid_vastgesteld;bepaalt_toepasselijkheid;;tekst;2026;;;te_verifieren;https://wetten.overheid.nl/BWBV0003649;Verdrag tussen Nederland en Frankrijk tot het vermijden van dubbele belasting, 16 maart 1973, art. 18 en 19;nog niet geraadpleegd;Ministerie van Financien;;;zelden;;;;nee;ja
p.xb.verdrag.nieuw_verdrag_status;Status van het nieuwe belastingverdrag NL-FR;Statut de la nouvelle convention fiscale;;XB;fiscaal;xb.verdrag;inkomstenbelasting;;;inkomen;overheid_vastgesteld;informatief;;tekst;2026;;;te_verifieren;https://www.rijksoverheid.nl;Rijksoverheid, belastingverdragen, stand van zaken;nog niet geraadpleegd;Ministerie van Financien;;;onregelmatig;;;;nee;ja
p.xb.verdrag.voorkomingsmethode;Methode ter voorkoming van dubbele belasting;Methode d elimination de la double imposition;Art. 24 verdrag NL-FR 1973;XB;fiscaal;xb.verdrag;inkomstenbelasting;;;inkomen;overheid_vastgesteld;verlaagt_last;;tekst;2026;;;te_verifieren;https://wetten.overheid.nl/BWBV0003649;Verdrag NL-FR 1973, art. 24;nog niet geraadpleegd;Ministerie van Financien;;;zelden;;;;nee;ja
p.xb.vo883.aanwijsregel;Aanwijsregel van de toepasselijke socialezekerheidswetgeving;Regle de determination de la legislation applicable;Titel II, art. 11 tot en met 16 Vo. 883/2004;XB;sociaal;xb.vo883;;;;inkomen;overheid_vastgesteld;bepaalt_toepasselijkheid;;tekst;2026;;;te_verifieren;https://eur-lex.europa.eu/legal-content/NL/TXT/?uri=CELEX:32004R0883;Verordening (EG) 883/2004, titel II;nog niet geraadpleegd;Europese Commissie en SVB;;;zelden;;;;nee;ja
